id,agent_id,customer_id,created_at
a66b993c-7975-457a-96d3-adb4de1e2812,4c66c83c-7684-4953-999f-6d1d21d74155,a4e64098-f5a4-4069-aa20-81d3b965fff7,2024-08-20T06:16:21
4ff5d106-a066-4014-ba0b-5021733dcd6d,4c5a246e-bd7b-4100-8b0e-927726ba53cf,a4e64098-f5a4-4069-aa20-81d3b965fff7,2025-09-10T00:23:16
4aa6741e-e189-43cb-8590-3d5b2876d801,fd147725-2b15-4f80-ad51-694ee4a1d64f,a8b674e3-59cb-43d5-bcdc-6aabcfcd787f,2024-12-16T18:16:25
06feb9b7-1e87-454b-92d9-a60a4d4a6109,ee5c68d4-4f09-4a22-b493-aa0d6104785c,a8b674e3-59cb-43d5-bcdc-6aabcfcd787f,2025-08-21T09:10:37
07bb2bd0-abea-46ae-9806-dfc65ec99cda,1d0c03b3-2e7a-44f0-b345-bec7ad000215,5a99eb0e-1733-4053-913c-ba4876fd9a57,2024-06-08T10:18:01
3c100f42-16dc-4924-8ae3-98b66a253061,4f75ad7c-da9b-4a81-a2a0-38abff0ad390,5a99eb0e-1733-4053-913c-ba4876fd9a57,2024-09-19T16:44:12
56dd5b27-cf0e-499d-8771-8cef7fb4e22e,b82a6026-e736-49ee-8ccb-3a4403d0b15b,c81e3c4c-0a8c-44a7-847a-3e54e4d7e054,2025-01-01T00:35:37
342c64c6-cc89-43fb-a2de-c03f9d5a5ab3,6767a1f3-f82a-4884-b0d2-07fea3a6d393,c81e3c4c-0a8c-44a7-847a-3e54e4d7e054,2024-09-20T12:45:55
5adce21a-c573-4bc4-bf66-351de1c1a6a5,5e3b553a-c01b-482e-98f6-452ab5b125fe,04535b40-53d1-4704-af5d-dac3763925da,2024-11-24T14:06:55
cd0f9db5-9d1f-435f-b24e-6933d8f4c364,23190cc5-dc75-4e78-a968-55c1f5bd43c6,04535b40-53d1-4704-af5d-dac3763925da,2025-02-20T15:48:28
d9000832-e095-4569-8665-7d1bb71a3cce,7d3280e8-b5df-40e7-b3c2-60dcc07f6227,0ccbe01e-70be-4a03-8d07-ad483bcacac9,2024-12-13T09:49:48
f3073e79-4b05-40c6-a264-6ed2f34d9c9c,b282fda4-bad1-422b-b90f-4d0e43eb4675,0ccbe01e-70be-4a03-8d07-ad483bcacac9,2025-01-13T18:17:37
c174f7d9-bca5-4475-acdf-6f64695411ce,99367e55-320b-453c-938b-4a42be028466,6a3d08f7-07ff-41c7-9429-ba50ca972449,2024-10-19T10:48:26
3b4ce1b4-5d8c-4736-96bd-cbbca7d354a3,1c8a0915-ba2e-4d74-9b41-58c6236d5422,6a3d08f7-07ff-41c7-9429-ba50ca972449,2025-06-28T21:27:36
48f64945-a6f7-4536-82cf-bae71dcd9e3b,6529684b-2c81-4d65-ade2-59d27016e4ab,d70589a0-4720-47b0-9c7c-0f18b94d3daa,2024-11-14T11:08:28
a0405e02-65d4-4f1b-88d4-e8618565ebf4,caf12334-e584-41d3-98d9-01d4ca214924,d70589a0-4720-47b0-9c7c-0f18b94d3daa,2025-03-26T06:45:20
5bec9eae-a91b-4177-a644-61ee0426f2d5,1a052b48-914b-439b-8557-b6f8d858865d,689dc8b6-f022-4e62-bebb-8ced9e969a40,2024-06-30T13:14:12
c506d865-5a35-4dc1-9de6-8fcd5f43e50e,467144b8-29c5-46de-b2cf-85cf987b5a88,689dc8b6-f022-4e62-bebb-8ced9e969a40,2025-03-31T13:04:06
181b558c-c0b3-4ed8-824c-533d872c7f50,36e0c924-f73a-458f-b044-e9751400a18b,3b164796-2530-4fd1-9270-5c27dfcb887a,2024-05-11T18:14:31
0434589d-f05a-4329-af46-6fef8a0c450a,9793d886-3b25-4fe2-9e4a-158856f95ef4,3b164796-2530-4fd1-9270-5c27dfcb887a,2025-08-05T19:38:36
dfc38c61-3f2e-4331-b309-e9bd829b0f39,38fe2a47-2150-4a56-a08a-0e48fe638b91,a3ddb485-3f29-4315-a912-ef3615ee76d3,2025-06-27T08:15:01
9a50ec3f-df34-45bf-9924-fe4cb8266e01,96a33d40-29f7-47dc-a32e-30cc5692dd8a,a3ddb485-3f29-4315-a912-ef3615ee76d3,2025-06-24T19:27:05
00066c22-3979-433f-a249-94f5d30f92f6,af4e099b-c102-4029-8b7b-1c67f510b67d,3598afcd-515d-40ed-ba25-ff2e4f8a1126,2025-07-26T03:28:23
e654ba5b-25bd-4860-af42-c6a2007e111d,c0700373-2f36-4475-bfb5-8cf4ba020133,3598afcd-515d-40ed-ba25-ff2e4f8a1126,2024-05-25T09:11:19
7b4dddda-758c-4236-a8a4-66841f562d96,14f0a68e-543b-4e06-8ce8-d314142d437f,55943005-9ade-4fe6-8262-808662f2051b,2025-04-01T20:26:38
a07a2b34-1f25-4462-94a7-bf054a53c6c1,34d7ab8b-cde0-41c2-992c-a0625b238b65,55943005-9ade-4fe6-8262-808662f2051b,2024-08-29T04:11:25
a0fdacfe-e9a7-4ea3-a6b4-32b9333ecc91,b557c0d5-a06e-4050-b591-558b97f1a58d,41daa9e1-b84e-4d2b-a580-6e5ce1b7a6d7,2025-04-23T19:12:20
2743ca9c-5238-46de-b27a-de7e565c2c62,15449bfc-ce07-4916-b89c-1cf8719173a2,41daa9e1-b84e-4d2b-a580-6e5ce1b7a6d7,2024-07-02T03:09:43
fe2db714-5ef5-4c79-bfb0-5caaefa65c03,8546dec6-d915-4a45-acf1-f2c17ce80719,10c70e90-3955-4adc-b715-39e5b00ad503,2025-09-10T18:45:25
6cd16177-f79c-4c2a-98d1-5be7729892a7,646ddc3f-cc23-4ef7-bd58-373812ccf925,10c70e90-3955-4adc-b715-39e5b00ad503,2025-01-21T12:27:39
4e6012ae-c452-4cc3-a559-e73ca49b338b,f6562271-7b98-4cd8-b6d3-abf210dca85d,1740434f-7ff4-427d-b986-4d337e75c246,2025-05-16T14:32:12
7d07f224-50b8-4995-be8d-cc32c3c5aa68,877ba2cb-f6e0-4e18-b83b-f0790ed82a3d,1740434f-7ff4-427d-b986-4d337e75c246,2024-11-17T19:23:07
0c3d1ea7-57dc-4630-9ba9-c00c4096e8e1,6209eb39-7dad-4e70-81f1-4ddd22c8f7c1,39e29017-e65f-465f-9994-4b4cee8a3e62,2025-02-14T22:30:30
94434489-b001-44c8-b50f-6a87cda47b44,bc653344-c1b6-49d8-a771-28f25314e9d0,39e29017-e65f-465f-9994-4b4cee8a3e62,2024-05-12T01:25:09
ff0affdc-6198-44f9-bfff-6b2fcc7eed8c,6926df43-e63a-4cca-8bd7-5a95e92b7aa1,b40f73b7-3303-4125-8159-b34accf7491e,2024-07-26T04:20:42
c8723482-2b71-4947-bec8-c3063a469f91,a81a6d55-6110-443c-8a21-57aa6ed83cfc,b40f73b7-3303-4125-8159-b34accf7491e,2024-07-15T18:18:18
fb7232f2-42cb-4b4e-a3a0-1c081c80d26f,e256a184-78dd-448c-886d-a5e798ca03f3,a864f470-8fba-492c-8f9e-b69e4f6b838e,2024-09-02T15:25:48
ae3e7b53-c395-4b0c-91ad-e65f179b2447,a973958d-0b6a-4005-9e12-0622a8a1f80e,a864f470-8fba-492c-8f9e-b69e4f6b838e,2024-12-22T05:27:38
707b1735-dc48-4169-8eb9-75635f476084,7e20a725-7d5f-42eb-a9de-d3d68454b416,c14c4e07-64c0-4a8b-a0a3-5303a5326d65,2025-02-11T21:31:11
65475074-c5b3-4af9-b26b-f251e9bebb11,ac80a75a-fde9-4df9-b8df-32bc9d5ccbe6,c14c4e07-64c0-4a8b-a0a3-5303a5326d65,2025-06-16T08:04:59
d287e611-eb88-468e-b202-4478f01c973c,b0dcc9b9-c692-4fd8-aeb1-effdef193b2f,93614e30-1870-438f-92d1-ce2a051fec63,2025-03-21T11:22:51
208005b5-abf7-42ac-b82a-8484d5764608,7e65868f-8b8d-430a-98ed-e8970a10a8ec,7f419805-50e9-4e19-b179-48bbebf568dd,2024-07-20T07:31:22
bb6b7c3d-9096-4868-a8a7-6fe2569bd6ed,95725267-70d5-40d1-8ac1-bf9fcd508df2,4c12d10b-0ee3-4826-bbd0-dd4baf6f747d,2024-12-01T19:26:46
d7f9da6f-366f-4bfd-8b45-ab6c1ecfd0a4,c0279af4-2e31-4f1d-80ca-2cd71117b585,b4aed148-1ca7-4a57-a77a-2470f858a848,2024-08-18T03:43:29
37956b91-201d-4493-9c3f-960570a951e3,fde57aec-248c-4533-b6f3-fb2e4f773029,2e4bb73e-48db-4c16-b0fc-f655af02ee59,2024-06-01T20:03:57
cc5db219-40d6-4d3d-8641-58dea4e3b6ce,d1a7d6de-e5b5-4d3b-b38a-cdacb3940df2,7cc239be-7d7d-4ac2-97dc-5bf0fd6819ea,2025-04-13T18:47:48
84ccab6d-7ca4-44e3-a154-3475361f730e,985aaac6-dfef-4fcf-8d0f-1af4a6858975,541cd795-b6f5-416e-bb4e-ffd4e7e04b34,2024-12-14T10:17:36
f1ea9acb-bab6-48f3-9a62-87578ba2121a,96f1c113-bde2-4439-a196-fad7226775b1,54a84392-446a-4c2c-8992-1a4d7fe0c20d,2025-08-03T04:56:04
563d1ac9-f1ea-4ba4-85c1-877dad51ac72,4809b7c3-7963-4637-9db2-e20d421427bd,2a44593d-a6bf-446d-b944-1153f560bc33,2024-08-15T09:52:27
da5549a3-add3-4324-be3c-2a13445f3eeb,812f0bb2-7dab-48ef-9120-2e3ba5ffd81d,8832866e-c411-4c14-adf4-7df9197a4b65,2024-11-29T12:05:34
5c76e869-a92e-41ec-9293-59038b458f17,11b40823-bede-4d8e-83d8-1120e61afba7,14113ed2-43e8-46d4-aa39-5be10f8f5f62,2025-08-05T21:32:57
ff7ba99d-0e76-456d-bc7a-af0b24f16909,d13f6987-5c5c-4ba4-8574-5d352c58137f,4d48c41f-fed9-4d9c-9f9b-29b5fdb9e59a,2024-05-15T03:04:58
77424a48-2696-46dd-931f-f1ec9011a58a,cfd0431b-8cb7-4b4a-b3cf-ccfc49848fe1,494dc337-a7db-4cec-b931-9355bdfb2540,2024-04-03T17:29:49
aa09cb01-459c-4e24-977e-aae31c49791b,6c1c0840-bb47-4083-bdbf-a0d077f76a29,acb9290a-b6fb-4bd9-89d6-e2a8bd9b7c9c,2025-03-17T04:30:50
94047cc0-a83c-415a-a614-9b05286fa025,3f995d94-8a64-42c9-a28e-7cbf8bc9ca9e,be40edc9-53cd-4d39-96f4-ee7c28e3c967,2024-10-29T12:33:36
e6e8673b-5c78-43d2-8b38-7a3b5fb06ecb,c14708dd-1436-4edd-8b9e-341b114657b5,42de24e2-fd93-4ac2-8040-5384b2adffc3,2024-09-09T16:48:04
430de16a-fddb-48db-b916-023623b93403,d83d4660-670d-4725-bd26-f8a6d5de3b15,c658fbd5-3f43-41df-8199-5cc97c412301,2024-08-09T00:40:12
35cb2339-4d46-46a7-bbc0-4cd19ad8bc56,19934c14-861c-4de2-9671-a61ebb91d49a,e410df26-3156-49cf-b9a6-9dc24b2757b1,2025-06-21T16:14:55
86f8e97f-5567-4eec-9a77-a9ff4628e655,6d04f78a-3228-4710-8e39-c2cac9960600,ba1af424-8837-41c9-84b7-bf998114d3c1,2024-08-01T03:04:32
214288b5-5f5d-4bd6-8517-8c7af0802bf7,b0b53bf6-4c7b-4d99-a2b6-64f8761cd6bd,cf931a36-f0b6-4f61-bbfb-632b3a25e661,2025-04-15T08:00:34
742721b5-92e4-457a-a1d4-ba0ff2af29d3,e510ffc0-c924-4507-9e1e-299263415430,91b5fab1-5df1-4a85-b816-d49d06bb2177,2024-06-07T10:50:26
4754dffd-7dfb-4c2a-8d90-362c74559c4e,cd7a22cb-bf8d-4459-a71e-83478ba222fe,3888232e-a2e5-4041-a7d1-8399c13c1f88,2024-07-09T13:55:58
e427cd52-8748-44d0-8d02-3f9506b23980,e412ae85-b709-4d2c-a944-a6320d4501a4,4495f0a9-70bc-414b-8812-00c50350dc6d,2025-07-21T08:21:49
22744fb9-ead4-410d-9c1f-2f38389dfb31,14d622b0-67cb-4a62-aa0f-7486650decb9,49cfd4ba-a8fe-40a0-b416-617f540a3dc4,2025-03-02T22:35:52
61a8dd1d-d9cb-4f91-96e4-2c5b72eab5a7,b0d032db-eb6a-4d5c-8576-0e170400b838,d455b467-d4cd-4a72-bf17-f56298c647c7,2025-08-05T02:41:41
78d8de46-2338-4732-87a8-d71e2fd9e827,6208a7f5-9743-4b20-8100-54fba50606b5,7a4b0cae-80f7-4204-bd59-c8cae635d3b8,2025-02-27T14:24:30
533e4c7a-bd1d-423a-b577-c6e78ac78f69,93178db0-5c71-4fc2-b422-85c3f5d33250,bc918116-5953-47d5-ae97-206cd156be54,2025-02-07T09:25:50
f98d307e-b1de-49b3-bc2e-3a98ade6124d,856ad50f-105d-4016-aefb-be5c4868adb0,5f229558-20c2-417a-97c4-99f48cac3faf,2025-02-27T07:14:42
3547aff1-7194-4f51-8424-737353c2d0e7,32a36cd3-e50d-4039-b524-ec0ccf761746,0a1a83a2-b753-4a0f-a437-2bfeeb937566,2025-04-05T21:01:02
5f2739c5-a3b5-47af-9890-f15ac09afe6c,a113c498-c239-4c27-92bf-7b320e4949c6,dd4b8766-77e9-4b6a-b09e-ecc11180bf88,2025-01-22T19:10:01
44bfaf12-9ecb-48b8-9cd9-bf1546ce5bf0,63f6fd3e-315c-4155-b6eb-00d6ccdaac05,2eda0207-7f35-4c62-a12c-bf400586f7dc,2024-04-03T16:40:12
9a5ad128-9fa6-4bfc-9a4a-c394ac6bbdc2,b74614da-f56b-477b-b4eb-8507e1ec9da0,a1986062-8f80-445e-92c8-2e8796946470,2024-04-29T08:52:55
53c861c7-dbf2-43aa-9ee1-1927f977dcff,2d40b829-6a9f-4312-af87-a275372ace6b,74e5d2bb-b994-4e06-830a-7aee22485a04,2025-05-19T16:03:36
46d22c1b-898b-4f69-81ba-426887285dc3,009fdf33-e26b-432d-8868-af41ad2c1320,5360d066-b7b7-45a0-b432-e07cdac8977c,2024-09-01T22:58:55
d95fcda4-be46-4951-a4aa-a48969e5dc2e,fd172582-dce2-476a-891c-ecb5cf1874e1,84800676-ba13-4b6b-97f0-81ce8134de52,2025-01-14T20:44:43
d22766ed-aaa0-456c-a05a-6ae9a6b73c1a,3dbdcbca-f31d-4f1f-960d-fc052c2306b3,7f33fda7-d045-4861-a911-e22233857f43,2024-04-11T00:02:51
f348f7d6-0529-407d-a2bf-a911a0b0759e,cfe98e29-4f52-4f43-8d41-f9a5ba78f551,7b120a61-ae38-4d15-9052-c4797e912e76,2024-12-06T08:07:09
4b20b6df-4585-4551-8111-766537e084cf,a26e2bf2-917a-4748-b145-f55bc22fa842,ed1b13ea-a416-4a67-bcb0-3a49358637b9,2025-05-17T12:49:06
9199ce02-0762-4e3b-b88d-fdf4542a0c5e,cc6c319f-33c7-4172-b835-23c74ab18101,7164a541-96c7-403c-8c0d-d0918ef636c2,2024-08-26T02:14:18
a0be1b5c-3f4c-4fbb-90c0-ace6df10cae7,eba47ddf-3fe6-472f-8b3a-2bbece9d9366,ffe10858-b7ca-446a-a244-df740d0b1228,2024-04-13T23:36:42
1ab8a5a3-2b65-4db9-93de-f2dff1b1b612,c637b456-90de-4e61-a18c-db964bd1e04a,84c14a48-532a-406b-b972-520db16e089c,2025-09-07T17:07:51
899eda28-b311-4f22-8e7b-2d8dc5432167,ff448aec-b8cb-40e3-8e0a-26b2d118b087,8e9beb66-e441-4911-a722-155820107a8e,2024-04-03T06:30:17
c5b5e783-d5e4-47c9-baf9-5e9dea54fb80,8f8f9de7-4a5a-40c7-bd11-bfb2dae59c8d,beac6444-7b0e-4450-9299-16d9923f890a,2025-07-30T19:55:19
51461a86-a0b7-4147-a873-fdebe22fd716,975ffd9a-a177-4665-8f60-8b916df3fc87,5d529216-01e7-47b2-ad68-5b874f6782c7,2024-10-10T08:01:49
a2550c4d-3a2d-4f1f-98b1-4f0e4c257baa,442559c9-e47f-40dd-96f5-529ae82b92b2,0d3ea0d5-c6a7-4497-859c-72b25661826f,2024-09-22T19:31:46
5845e775-d5ec-466d-a763-ea9ed30b90e4,9b73455e-ae0e-4ae2-85bc-69b00353a2a9,3dff9206-0ffa-4ee1-ba10-c3ba046a6ee5,2025-09-20T17:52:09
9a836433-2851-4d02-81f2-18c995b24185,0fb892e7-7eae-4e71-ae1b-ae0964dc3241,293d31b8-8b6a-42ae-83e2-f6f49550af2a,2024-12-23T12:46:34
5874dff4-5649-4e73-9e3c-191e6aa72499,d2f88469-f9f7-409d-8c7e-ee9c110859f9,5c258e81-f591-4248-8f33-0edb4062857d,2024-11-28T11:27:09
1c57739c-7e78-46f0-942d-eef065dc7abb,45597031-1b63-4f81-b88c-c80483f2e475,372fc001-d062-4b4d-a6ef-351db1240ff6,2024-07-09T05:04:31
271a6c7f-64ee-41b9-990e-35fe57f6ce7e,de68bbff-bd32-470f-a2ce-f9213f04ae66,34868c32-b953-4c36-9252-422249c39bc1,2024-06-18T20:15:04
a9f9eb38-8679-45be-90c0-112412399a9b,cc7d7b47-f0d8-4a7d-8d63-a6b911c29a30,03c59065-ad74-4011-8eef-d66b74e47d5e,2025-01-22T23:31:48
4fb652dd-712a-4a1e-b136-43b5de8bb19e,90214a5c-e1f0-4c94-85f6-0c584eeceafc,12ddd9b8-8777-4fb4-811a-dd376f90219b,2025-04-26T00:30:11
209ed6d1-42de-4e82-b4b5-619d021ff773,0f2474d7-1d42-47d9-a4b2-9fbf23f5f7bf,56214af8-55bd-4e83-8f51-0936ea24c06d,2025-07-01T07:14:53
9abfd947-b209-4fa5-b965-ef744899d7c4,e97bb08f-0a81-473c-a4e1-07e8fc64f150,57459bcd-d8b5-4363-ad29-054802881b82,2024-11-23T20:01:48
d7c696c2-6f0a-4733-9fb7-d20566e2b2b0,addc5e3e-8e98-43a9-9f05-9284664d36c0,6b6fc60b-4bba-456c-961d-67c2c69e587c,2024-08-07T19:06:47
5bf8c63a-128a-4fd1-a18b-f1afae54945f,adc94032-1b6b-4c5d-8241-cd1af6e630ec,beed7023-153e-4809-9bdf-7d514caed1f9,2024-05-20T18:40:09
4ba3f57e-c017-48ea-a6eb-4b20f4f9089d,aa597d9d-b955-4a5e-a820-dc3ee21a0987,a1ddc9b6-c823-476f-8941-6d46023b0888,2024-05-05T13:52:58
e24526d2-a0b4-485e-aa65-cf8eb104db7d,a3a6a732-0d60-4361-885a-7b460ab60205,6d585525-2abf-44b7-af1e-aed5ae5d6f29,2024-11-17T16:31:26
91292109-5f70-41ad-b311-f12cdbbed877,b6fb384d-7150-412a-aec1-b5ef6bf20764,36e2093b-364c-458b-b03a-84a1b5b2b66e,2024-11-11T23:03:14
021cc3ee-f492-4715-a827-cf6391a00c50,656cb8c1-9e05-49b1-b13d-dc8471badcf5,e451f893-e5da-4ec4-895d-c217bf0f5323,2025-03-20T04:42:48
21a387c0-7700-4418-a7a0-f30e3ad29b04,656cb8c1-9e05-49b1-b13d-dc8471badcf5,8f3a96d3-4ec1-4fa7-aa3d-2c6dd0f8b281,2025-05-09T04:30:36
3e128801-4d64-4d3f-9ace-2ec62ea9fb1f,fde57aec-248c-4533-b6f3-fb2e4f773029,f842771a-25a4-4d15-a9c5-d7ad20a47c43,2025-07-07T06:46:19
fa7f9b4f-0db6-48fc-aa77-00896c274a71,fde57aec-248c-4533-b6f3-fb2e4f773029,bd107063-8573-4fd3-b39d-2fbde52777db,2025-05-12T03:53:31
3a452167-c346-4720-a15b-3eb0aa7fa70a,e97bb08f-0a81-473c-a4e1-07e8fc64f150,36903629-fe8b-4138-b3a9-99aa4ec6917b,2024-12-18T11:20:05
6a12b52b-22bd-42af-8f67-d9594cecf987,8f8f9de7-4a5a-40c7-bd11-bfb2dae59c8d,424afc9d-ce68-46fe-8694-e0ecf2c8ca5b,2025-03-02T21:44:12
530a0c54-3c8e-4890-96b6-d8d2c9f2757c,36e0c924-f73a-458f-b044-e9751400a18b,9a213a84-3f5c-487d-8c19-7183e1c214d8,2025-09-15T12:08:27
c704698c-a8b4-47aa-9a69-5ab01c7574b4,f6562271-7b98-4cd8-b6d3-abf210dca85d,6044d746-179a-4fff-9ca5-502bb2f32000,2024-07-12T23:38:48
ec9258e1-3074-4089-99a8-50a01db022e6,1c8a0915-ba2e-4d74-9b41-58c6236d5422,a99fcda6-1f2a-47a3-93cc-62f88122cdb4,2024-12-22T06:38:03
ba1bd683-ed91-4c54-bb8b-14793bf9bdb9,36e0c924-f73a-458f-b044-e9751400a18b,1aad0852-9b60-48e3-9c54-e690131780ea,2025-04-15T19:13:26
94d08e69-813f-4621-9847-cd90b614df85,6209eb39-7dad-4e70-81f1-4ddd22c8f7c1,2aad54c5-99d7-46da-b38c-6e38380ee4fc,2025-01-04T02:33:10
b47dcbe7-ef84-4a41-a45e-eabb04fb1513,34d7ab8b-cde0-41c2-992c-a0625b238b65,b6abb257-cb8d-4484-9516-ae5008702500,2024-08-24T10:08:49
adb18125-5435-44c8-8319-8607d796680d,af4e099b-c102-4029-8b7b-1c67f510b67d,5a115cf6-8c67-4a97-a42b-db245a1be02c,2024-08-06T03:16:56
78f8e89c-eda2-4827-9d33-5350cf6819ba,a26e2bf2-917a-4748-b145-f55bc22fa842,ec59ec2f-3f0e-42eb-8dae-3ac025ebae73,2025-02-07T09:23:47
329fec42-15f9-45f3-b5f5-b5aff4b0336b,9793d886-3b25-4fe2-9e4a-158856f95ef4,faff3a47-f39a-486d-85ce-c4d1f408ca2c,2024-04-14T22:08:31
c1949a4a-d1d5-4a6f-8c50-c46c5a9c1199,a3a6a732-0d60-4361-885a-7b460ab60205,2cebbec4-96e1-4825-8cf8-c37eba41babe,2024-09-24T11:39:23
89146a69-59e2-4bcc-93de-a4445529a7e4,a3a6a732-0d60-4361-885a-7b460ab60205,9f4f8e56-c39a-4c72-9c0c-7f14e659fb2b,2024-09-21T07:17:03
a090c525-ce96-4e64-9e4d-8ae02751fb99,975ffd9a-a177-4665-8f60-8b916df3fc87,3bf9dcfb-6891-4757-b087-439e0370b381,2024-07-10T23:29:02
62062bb2-8a18-41c0-8d63-54aeb0a8ffc0,23190cc5-dc75-4e78-a968-55c1f5bd43c6,c6a917c9-bc59-4d2f-a877-fa8b230a332c,2024-09-11T02:30:08
5734d508-702f-441b-a3d5-7e6212b87fed,af4e099b-c102-4029-8b7b-1c67f510b67d,df6bb6fd-0b6d-4ddd-9a47-1b23da4efc8d,2024-04-17T02:07:26
1a35eee7-8ca7-4824-b4eb-9562d434d11a,b6fb384d-7150-412a-aec1-b5ef6bf20764,f8a7519f-24f2-4570-a4a5-ac8b8b5fd08a,2025-07-02T02:18:08
2974876c-d4b9-4cf2-bdaf-1dcc939f31e8,c637b456-90de-4e61-a18c-db964bd1e04a,46f62b4f-0dc8-4839-befc-4c81ee6a3ece,2025-04-27T00:40:56
787b67bf-6c56-4086-bf04-379fa9be558f,14d622b0-67cb-4a62-aa0f-7486650decb9,a8f3747c-5812-4925-bc63-edb1c5cc08bf,2024-08-09T07:44:06
889bc414-6135-4987-9ac0-a2caf6be6d19,b0b53bf6-4c7b-4d99-a2b6-64f8761cd6bd,6d1ea222-b50e-4003-8616-50b1af32f39c,2024-07-04T17:32:12
fa2026d8-e3b9-4b8f-85ff-f7ada0910110,aa597d9d-b955-4a5e-a820-dc3ee21a0987,2bd24d48-c705-47c5-8957-fb9302064675,2025-01-09T19:23:27
10e2715a-93da-47b7-96a4-f94737090695,2d40b829-6a9f-4312-af87-a275372ace6b,340d143c-d6dc-4588-8e57-ac38120888f1,2025-08-18T08:34:57
8a351e39-4ca3-4efc-9999-d44c94b00043,a3a6a732-0d60-4361-885a-7b460ab60205,648218e1-8b17-43c9-87e6-c295ddc7ac35,2024-04-29T02:08:09
e0852bf1-46fd-4475-9452-501844b7e63a,fd172582-dce2-476a-891c-ecb5cf1874e1,63a0a9c7-8565-4216-ba9f-c8c4cbb2c757,2025-01-16T11:43:29
4dbc6062-7c6a-4cac-ae08-59c76e709c95,19934c14-861c-4de2-9671-a61ebb91d49a,9b89c1ad-5693-4d04-9afc-6dd615f1ca9d,2025-08-10T10:04:52
8b530763-dd0b-4c6b-ba49-d8f4b7c3fb96,d2f88469-f9f7-409d-8c7e-ee9c110859f9,63c2c38e-e936-4890-8983-c78575b63eec,2024-10-15T17:53:12
e797147e-c63f-48e3-8309-6b8b5d59bdd0,2d40b829-6a9f-4312-af87-a275372ace6b,c02a149b-9c72-4919-bc06-f4b789206a58,2025-05-20T09:47:05
4e54169a-22c5-44d2-ae1a-3837663b5f73,8f8f9de7-4a5a-40c7-bd11-bfb2dae59c8d,95ca3ff1-f918-4ac2-a850-e7543bcb2e95,2025-07-28T01:42:19
32e7a16d-9282-4e52-9bc0-aa2bb57e5167,ff448aec-b8cb-40e3-8e0a-26b2d118b087,70b4d97d-c85e-425d-a519-5d81be23d019,2024-05-07T19:21:27
ea9a5c6f-5dcf-484b-99d7-360a4145c2fd,eba47ddf-3fe6-472f-8b3a-2bbece9d9366,f90686ad-1e16-4d72-ba9d-f1d57d5e0fc5,2025-07-05T09:10:41
1f3e201b-04a1-4a45-9156-fced06b96555,7e65868f-8b8d-430a-98ed-e8970a10a8ec,81887490-65c4-43af-ba02-825142b37450,2024-05-07T07:40:38
f09f964f-276d-460f-98d2-764b39acdcb7,c637b456-90de-4e61-a18c-db964bd1e04a,97a4401b-1561-4508-92a2-53e154e4c072,2025-08-27T05:38:41
24582362-1fb1-4ee6-99a4-f33e1dd51218,b0dcc9b9-c692-4fd8-aeb1-effdef193b2f,499e7d2f-6cb5-4d29-9cb6-68ada4812669,2024-06-23T01:00:42
1a47e54e-f1be-47cf-b43d-57f6507538b7,9793d886-3b25-4fe2-9e4a-158856f95ef4,a44c8695-bdaa-4f39-8bac-a7826792150c,2025-08-20T17:00:52
60c16127-32ad-4899-974e-f9b82a2ac787,d83d4660-670d-4725-bd26-f8a6d5de3b15,2c5ca64d-f581-4349-b2e6-1b05b4350738,2024-04-15T09:38:39
e3eb4333-e578-4429-9dce-7cfe4653c782,5e3b553a-c01b-482e-98f6-452ab5b125fe,7e9f26b4-b5cd-4007-aee6-4f272e218124,2024-05-07T12:47:51
d4a5f5ca-f9de-41a8-ae52-0d2256f41188,e510ffc0-c924-4507-9e1e-299263415430,4003fd55-49d9-476c-813d-a33de49b142b,2025-09-17T19:29:54
90638ebd-8a61-4872-9602-6ecb5c037878,d83d4660-670d-4725-bd26-f8a6d5de3b15,f967c16a-1d2f-4dcb-8921-2ef76d76585b,2024-06-29T00:06:35
809b24e7-dbd5-415b-9bde-b645e5e96dcb,c637b456-90de-4e61-a18c-db964bd1e04a,f20e6149-f7b1-457d-921e-240097011e58,2025-02-17T18:53:26
5c9f275b-2994-48a2-b8b3-866714d5c030,7e20a725-7d5f-42eb-a9de-d3d68454b416,72287aef-44ab-4f71-b6e1-01798103e8af,2025-03-11T04:14:59
f14ee181-0aa3-4939-8d84-2b8f3265f1a2,a81a6d55-6110-443c-8a21-57aa6ed83cfc,030e6a45-eafd-452c-804b-a1a602a04000,2025-01-20T10:04:30
3e251306-d0cb-4162-b6cc-f38164680229,3dbdcbca-f31d-4f1f-960d-fc052c2306b3,4d50a459-9bf7-49b2-a0ef-d375b1c83456,2024-07-05T01:36:36
8c0c3390-9669-4612-ad56-6346191226b4,6767a1f3-f82a-4884-b0d2-07fea3a6d393,6e98ca44-ab61-4996-9234-5fc9b36774b2,2025-05-30T03:42:51
534174e2-c225-4a3e-bfa8-231c04f34f45,d1a7d6de-e5b5-4d3b-b38a-cdacb3940df2,d14e0f99-2044-47d0-bd44-88db023fe461,2024-10-13T09:00:51
2a83fc10-01fb-4357-8858-f11d5f766cf4,b0d032db-eb6a-4d5c-8576-0e170400b838,5ff66d84-5b94-453b-8332-eab9f29cf37d,2025-04-03T13:01:11
5af41652-0215-4dca-a970-8d18af130c4e,23190cc5-dc75-4e78-a968-55c1f5bd43c6,e39881bc-e60b-4292-bfe8-d2401beae0ad,2025-09-27T05:24:10
230fdc73-963a-459d-b10e-9150970341ec,ac80a75a-fde9-4df9-b8df-32bc9d5ccbe6,3f00b67c-d638-4fe7-be01-bfeea77d3951,2024-07-28T00:07:37
12e219f2-c9b1-447e-ae48-e008b375f8a7,b0b53bf6-4c7b-4d99-a2b6-64f8761cd6bd,8f9a83ab-2162-4233-a46c-4f42f28216e0,2024-09-06T16:20:02
2c51ae31-23f5-46ff-97e2-fa865cc993b7,19934c14-861c-4de2-9671-a61ebb91d49a,6f2399fb-70ec-4a40-92a2-1503677c3863,2025-09-22T00:56:59
6e07f356-d0fc-4476-a96f-8b470948d1ee,1d0c03b3-2e7a-44f0-b345-bec7ad000215,e46c1589-0631-4138-9338-3dbb63d16662,2025-09-14T16:45:06
eb631aec-b6b8-49f5-bcdc-d90265549685,6767a1f3-f82a-4884-b0d2-07fea3a6d393,b3248891-92e9-4c8b-85f6-e5858b321c95,2025-08-02T15:29:10
9238339c-2fce-4c5c-b71d-8c0ea255697d,96f1c113-bde2-4439-a196-fad7226775b1,3de47e54-17cb-4920-84a6-12e4799d708f,2024-04-07T07:04:49
827e21a2-2c05-4c9a-94c5-61425b9e7698,e256a184-78dd-448c-886d-a5e798ca03f3,b0c7d916-592e-40f1-b4ee-8f9cb9605129,2024-11-19T22:50:55
caa85378-0968-49d9-b08e-089b3de39f15,23190cc5-dc75-4e78-a968-55c1f5bd43c6,8079e016-911f-4d4a-ae62-50c75658d997,2025-02-20T23:14:37
135205cc-edfe-4dfa-a540-546ddf17f6c9,8f8f9de7-4a5a-40c7-bd11-bfb2dae59c8d,f9604e86-d7fb-466e-9258-cc9f97e3f636,2025-08-26T23:57:10
9952611e-51a9-4af7-b8e6-b66044860acc,b282fda4-bad1-422b-b90f-4d0e43eb4675,51fde593-9fe9-42a8-bfdf-a0e8455ea3e6,2024-06-17T12:01:54
1639699a-72f1-4e7d-82eb-6c35d9393f33,cc6c319f-33c7-4172-b835-23c74ab18101,06a392bb-0c96-43f7-813f-9e4314a241aa,2025-08-27T15:12:31
7df5f5ca-cb9c-48c3-aa20-6acf6f5005cc,cfe98e29-4f52-4f43-8d41-f9a5ba78f551,40500e11-a1ec-474c-a864-12c55610ec79,2025-05-09T04:53:53
76c34796-6775-4415-9b06-86bdb23668c0,b0d032db-eb6a-4d5c-8576-0e170400b838,dacedff0-5c2e-40fd-8168-7f2d9ddd48b8,2024-10-26T18:22:11
f6ab2bc8-2492-4974-b0f1-9ab5f812fd58,812f0bb2-7dab-48ef-9120-2e3ba5ffd81d,24011a1e-545e-466c-ac4c-01316d920ee3,2025-07-27T19:25:23
0cae93df-536e-47bc-ba7a-fdfabaa1af90,b0b53bf6-4c7b-4d99-a2b6-64f8761cd6bd,0f1717b5-c0b2-49d9-8735-9a8fb9dd5bc6,2025-07-14T11:28:24
0f4beb88-8327-490a-b0c5-36d987a1087c,fd172582-dce2-476a-891c-ecb5cf1874e1,4637a8a3-47e4-4746-80ab-4915aacfb201,2025-09-26T08:07:01
21b0bc48-0a29-42ee-8d05-8776c9abf1e4,63f6fd3e-315c-4155-b6eb-00d6ccdaac05,6a9605e9-18f5-452c-90b7-c7f09aa820b9,2024-07-15T14:32:40
d8915875-9099-41ee-9a1e-443579fdebdc,addc5e3e-8e98-43a9-9f05-9284664d36c0,1642da7f-b3ef-47a8-9925-50f683070763,2025-02-19T09:06:32
2b9c0ea6-2cd6-4400-a91a-85f751dfe29c,4f75ad7c-da9b-4a81-a2a0-38abff0ad390,40eab6e7-8cf0-4d90-b193-7eca1791c11f,2024-06-20T13:22:27
7f463400-f9bf-40de-a3bb-55f1e083da97,19934c14-861c-4de2-9671-a61ebb91d49a,290fa3a2-9404-485e-ae71-fc7d8d9fc528,2025-05-02T10:15:45
c1bbe9a3-5e76-4f5f-b9f0-58298fde73ec,009fdf33-e26b-432d-8868-af41ad2c1320,2f73bb4f-3b3d-4238-8a82-a381c8583b74,2025-07-23T20:21:20
e53d99c9-0f0d-403c-8b4d-7a94158a15c5,975ffd9a-a177-4665-8f60-8b916df3fc87,c917f8ab-9062-46c1-887e-223d9842d484,2024-06-30T12:21:45
da89a05f-ad02-40d3-8d3a-1ce16145b970,14f0a68e-543b-4e06-8ce8-d314142d437f,4b6bfd00-5ef0-41d9-a141-49ecd2a85d49,2024-11-05T15:40:02
06dd24d3-b589-45d2-923b-851522582f7d,7e65868f-8b8d-430a-98ed-e8970a10a8ec,24be72b9-c1c3-4bcc-a30a-553a14a060db,2024-06-27T14:58:44
82534161-302a-4edc-bfa5-8e364a31f45a,a26e2bf2-917a-4748-b145-f55bc22fa842,9c4c6850-f99a-4820-9cfa-5c62d09f28a9,2024-06-21T14:31:48
951ec649-fb06-4269-92ff-23f924284998,e510ffc0-c924-4507-9e1e-299263415430,f8b9c398-8733-457c-b8fa-cda9e276e058,2025-04-21T16:09:35
38adb98f-fa65-4dbe-add3-b4d8fc5be9c3,b0d032db-eb6a-4d5c-8576-0e170400b838,d2b3922d-2be0-4985-8900-f6c57d71ff4f,2024-09-01T08:40:23
6280cda5-ae29-4d2a-ad15-a44a5435aaf3,9793d886-3b25-4fe2-9e4a-158856f95ef4,d5fa579f-6b98-4185-9edd-102852148df0,2025-07-17T02:14:51
5850e644-e26c-430d-a50a-cf749b74f652,6767a1f3-f82a-4884-b0d2-07fea3a6d393,b77fa61d-2302-4b92-9857-dde3d57b7135,2024-09-02T05:13:46
17adb258-78d5-4f14-a76e-be5aeeb0edcf,19934c14-861c-4de2-9671-a61ebb91d49a,829bd806-580c-46ee-a3fc-3a346be11d78,2024-10-21T08:11:34
1f220c98-0f03-4bf6-91c0-1c7ee6beb9bc,1c8a0915-ba2e-4d74-9b41-58c6236d5422,a9be5b88-df91-4847-95af-3322a68bc8fa,2025-05-11T09:46:52
eebe6062-2f23-4178-ad3b-c33ccf62dabb,c0279af4-2e31-4f1d-80ca-2cd71117b585,c929f2b2-723f-4a2b-81df-86ee740f57dc,2024-09-03T17:05:30
dda4dad7-b09e-40b0-8e72-207e17dd1a44,90214a5c-e1f0-4c94-85f6-0c584eeceafc,84175433-83de-4df8-9ad6-70e8566d5564,2025-01-03T01:46:39
7817a681-c0ee-428e-8fb2-ad03609634d1,7d3280e8-b5df-40e7-b3c2-60dcc07f6227,18a78f20-a0b9-40b3-8600-d5c0693c721f,2025-09-28T10:38:33
a91fb3cb-7884-4012-adac-0c8c5edb9447,b0d032db-eb6a-4d5c-8576-0e170400b838,be05c061-def7-43c4-b411-61664123d880,2025-02-12T08:02:27
1bac3658-0567-4088-820f-4def32e86f75,8f8f9de7-4a5a-40c7-bd11-bfb2dae59c8d,5dcaa4ee-bcd0-47a8-826d-14f90f7f7aad,2024-11-15T11:22:35
1fb758ee-6302-445f-b8ac-287c5c3fe541,af4e099b-c102-4029-8b7b-1c67f510b67d,ceb5c106-de4e-4ea2-a12d-c1dc2b643f6e,2024-08-02T15:12:42
44d8634b-45e5-47df-aacd-bebd3ae54799,4f75ad7c-da9b-4a81-a2a0-38abff0ad390,b7a7605b-d7db-4bb4-947a-58e9086b4f1e,2024-04-30T16:12:24
b8fa0c30-ef3c-4097-aeb2-d25c44667660,877ba2cb-f6e0-4e18-b83b-f0790ed82a3d,2e82d07b-3855-4af8-9151-93d4cbf27145,2025-05-30T19:40:41
493b9acb-3380-4778-9644-23640fa15bc4,cc7d7b47-f0d8-4a7d-8d63-a6b911c29a30,ead66e7c-eaf4-4a36-b619-157f298be13a,2025-04-20T14:21:12
f2f9ef46-d937-4fab-b12d-0b81184c7e29,d83d4660-670d-4725-bd26-f8a6d5de3b15,493cd7cc-ed7d-4e29-99c7-143a0a3a8f0c,2024-09-08T09:19:39
054d5272-c3ef-4a33-a6a0-469eb50d7c36,d83d4660-670d-4725-bd26-f8a6d5de3b15,a7e5b746-f043-46f4-a7d4-cdb9d6fca10b,2025-09-16T14:40:54
8b0dd1e2-a14b-4891-aca7-e326911533b2,856ad50f-105d-4016-aefb-be5c4868adb0,cacc8fcc-e8ef-4f06-8536-f8ae3e2a765b,2025-04-08T09:51:23
882f443b-144d-4e86-b164-acf90de95f4f,93178db0-5c71-4fc2-b422-85c3f5d33250,085a361e-d998-4a6a-8b12-5ad4260afaba,2024-12-12T20:31:45
03810579-1145-4548-bf4b-ccd6eec04b42,cc6c319f-33c7-4172-b835-23c74ab18101,fd3be43d-60e5-4b50-822a-91a24f29cc64,2024-09-29T05:07:34
72fc45f3-a518-4845-bbcb-a76c8b4112df,38fe2a47-2150-4a56-a08a-0e48fe638b91,2c1515a2-fafc-4623-a922-54e6fcb63577,2024-04-02T04:40:16
bc386200-7897-4a77-8ad3-3f6c8c77729d,985aaac6-dfef-4fcf-8d0f-1af4a6858975,29f1a156-85e3-4754-999e-a64a4f3818f0,2024-04-09T23:17:49
50d6e806-702b-4da8-b447-a7e283cf1af7,96f1c113-bde2-4439-a196-fad7226775b1,2341083a-b1fd-4720-a69d-242e79cf3f64,2025-09-03T17:46:48
4edc44b4-a406-418f-9b49-bcc80aae9e00,e256a184-78dd-448c-886d-a5e798ca03f3,1ce51722-43a7-4bfd-87cc-6405e1c32bc8,2024-06-08T04:45:51
135bfc25-9e2d-472b-bbdc-daca8f664882,812f0bb2-7dab-48ef-9120-2e3ba5ffd81d,a078d853-232e-4c79-b1b4-b4189ace6035,2024-06-24T20:12:45
bbc15357-96b2-4414-a6c2-bc3307f766d9,cfd0431b-8cb7-4b4a-b3cf-ccfc49848fe1,6654449a-33f2-4da0-959f-56962cbd21a8,2025-06-20T00:36:51
5d31dc4a-7173-4bfa-892b-b3ec4e9b88c6,656cb8c1-9e05-49b1-b13d-dc8471badcf5,978496c7-df77-4e8a-a92c-d6ad552f3e73,2025-09-01T17:06:13
9617e3c3-58e7-49c7-99ae-20e88dd95be2,c0279af4-2e31-4f1d-80ca-2cd71117b585,fdc72de5-6670-46db-942b-6ef3620a42a0,2025-04-18T20:23:52
679e318e-bd39-4f2d-b328-e8a51e201c2b,0fb892e7-7eae-4e71-ae1b-ae0964dc3241,bdaf504a-a72b-409a-a398-1c2afa13737d,2024-07-24T21:53:09
7f53e8cf-0414-49fc-bf05-e6b086972edc,cfe98e29-4f52-4f43-8d41-f9a5ba78f551,94b4c0b9-24cb-4176-be80-f09106421548,2024-06-09T00:53:37
6b877f10-037b-4852-aa6a-035286823b02,b82a6026-e736-49ee-8ccb-3a4403d0b15b,4f5d3568-f45d-4597-8a78-ae1458b3fcc4,2025-05-02T12:30:36
7c35d69f-d290-4cb9-b38c-a2b050d092e3,c637b456-90de-4e61-a18c-db964bd1e04a,f061e73e-ac46-4b49-a3d5-eb0c02946002,2024-05-28T08:37:52
12ce48ef-31ea-42af-84ce-0a7912fc072b,8f8f9de7-4a5a-40c7-bd11-bfb2dae59c8d,643575ee-2c46-4d33-82e6-cabaf902cc1b,2024-06-17T17:49:20
947a00b7-ef94-45af-8f72-a0e0e81b0ea1,95725267-70d5-40d1-8ac1-bf9fcd508df2,60136765-b0a6-4832-bb4f-83c9d538b780,2024-10-15T19:48:20
0748b5b5-6886-44c6-9393-a446004f42d1,5e3b553a-c01b-482e-98f6-452ab5b125fe,445e8967-4bbb-4da0-9270-adff3374cf60,2025-08-13T12:56:22
7b848566-1da2-491f-bb91-36049b2a1b1d,95725267-70d5-40d1-8ac1-bf9fcd508df2,811b70a4-c020-465e-87db-c7df755b4e76,2024-09-26T14:46:16
ee9cc5aa-fdbe-47cd-8f7a-8f975f5b104c,99367e55-320b-453c-938b-4a42be028466,9740662f-36ac-4758-9c89-bb7e895417d2,2025-03-20T20:05:28
ddeba4bb-d1d0-4422-a48d-8fbd2b744ab6,b74614da-f56b-477b-b4eb-8507e1ec9da0,f3473988-dcdf-4247-a6d2-fb70218b56d9,2024-11-15T23:53:04
69b93319-2a66-4f55-bccb-53cb6cdfbf3c,0fb892e7-7eae-4e71-ae1b-ae0964dc3241,24d59b04-dc74-46b4-a56c-eb4b33890399,2024-10-22T05:16:42
19cdde42-61e3-4ff2-93eb-0cf62f8dd6b7,812f0bb2-7dab-48ef-9120-2e3ba5ffd81d,91f94171-9ef8-487f-aa3f-8158171d4220,2025-03-26T16:23:18
0f3becb9-0bc0-4972-ae65-8bf60749b16e,e256a184-78dd-448c-886d-a5e798ca03f3,ba28f3e8-eae3-43bb-b970-3022e158d9c1,2024-05-08T23:11:37
256bdbec-7525-47b7-b13d-61b4b28a9f0b,6209eb39-7dad-4e70-81f1-4ddd22c8f7c1,e14115c3-1c19-492f-b457-c0f124fae6b8,2024-06-16T14:12:14
ff4beb57-2be0-4c93-8720-15fc68e650ad,0f2474d7-1d42-47d9-a4b2-9fbf23f5f7bf,15c6cd79-327d-4b43-b9b9-611a62be4c11,2024-08-13T18:18:31
30404d87-fc5d-4973-bdf6-0c83a90ed2cb,442559c9-e47f-40dd-96f5-529ae82b92b2,92f911e3-23db-4de8-9b90-e438b7ddc87f,2024-04-30T16:55:48
d0d66a18-8ee2-4cff-bee1-960fc83550c2,a26e2bf2-917a-4748-b145-f55bc22fa842,9213026b-1322-46e0-8b4f-272f26102197,2024-11-11T18:11:45
09035b88-a4a6-4937-b6c4-70a5ea09f6df,9793d886-3b25-4fe2-9e4a-158856f95ef4,00df339c-394a-4e54-a968-20d970c527d5,2025-01-04T20:31:08
01819694-5fb9-4a3c-8bbc-d37c62f2488f,95725267-70d5-40d1-8ac1-bf9fcd508df2,93684b8f-ec02-4c86-9622-332d8e5e52fe,2025-09-07T17:28:25
cbeedce6-f026-4ebb-b836-678004e770c3,7d3280e8-b5df-40e7-b3c2-60dcc07f6227,9ce8f011-6f6f-4372-b361-c9110811b65c,2024-11-28T22:54:50
6ce839c4-8862-4d4d-9897-76ff5c45c942,fd172582-dce2-476a-891c-ecb5cf1874e1,0906ff94-a07b-41d5-9f25-db3f640a1ea2,2025-02-24T22:45:26
777ccb13-b356-49fe-9cbe-d5987d43bf7d,442559c9-e47f-40dd-96f5-529ae82b92b2,d8c46cdc-dce0-409c-b6ea-6790a4fb90ce,2024-06-29T02:11:00
e38e17ab-2950-4d4b-8c34-b8d7ad90ffcc,36e0c924-f73a-458f-b044-e9751400a18b,7c848139-057d-480b-a6df-6e065265ab55,2024-06-12T20:31:51
ecc1efde-c982-4495-bbec-0c54fcd90b14,fde57aec-248c-4533-b6f3-fb2e4f773029,8933932a-986d-4941-8212-7d8c6849e010,2024-05-05T17:03:56
3b27c01a-474c-4f6d-b9d4-492d62299dd5,ac80a75a-fde9-4df9-b8df-32bc9d5ccbe6,b9bb6bec-9ad8-46d5-a94b-105b704cc21d,2024-04-07T13:56:10
491f61ac-ab51-4250-8e01-a8de56f84bdc,975ffd9a-a177-4665-8f60-8b916df3fc87,f476b2ca-7019-4d61-b504-523bcb17a942,2024-07-16T13:29:25
e122c7db-a163-4def-9c90-067d452c6c5c,de68bbff-bd32-470f-a2ce-f9213f04ae66,1ed0ba2a-98f3-4ded-98c2-731a188111c0,2025-08-28T07:27:54
fb398967-29c7-49e6-9a2e-7babe7a3fae0,442559c9-e47f-40dd-96f5-529ae82b92b2,e55bda6c-a10f-4555-bda2-1080b974293c,2025-08-15T18:17:16
03272113-7e25-4ad6-be66-48466100d32f,11b40823-bede-4d8e-83d8-1120e61afba7,ef9dd327-4c9e-4bd9-b9ca-68d86e1e6311,2024-08-10T12:12:37
b478cf57-712c-48c5-afda-e5c90ca1fa44,1a052b48-914b-439b-8557-b6f8d858865d,d4c40858-2e22-4a41-88e7-fc450cc36c62,2024-12-11T08:18:46
3a72748f-b424-4589-9da2-71e5c148b0d6,cfe98e29-4f52-4f43-8d41-f9a5ba78f551,c9f9a4da-07a7-40b4-b175-13f82c4f1e80,2025-01-02T18:25:29
511c1ac7-247c-4ce4-a71f-fb13a09404e3,cc7d7b47-f0d8-4a7d-8d63-a6b911c29a30,0f8d6389-6675-4158-ac0b-d65597f802a9,2025-03-06T01:13:15
688ab9e7-320b-4e54-98c5-b5c5ff5c7404,7d3280e8-b5df-40e7-b3c2-60dcc07f6227,3488feaf-76ef-43d6-8669-71991d9eb761,2025-07-27T00:57:15
2e8cccbf-69c9-4dc5-b4fd-56bb61a911e2,ac80a75a-fde9-4df9-b8df-32bc9d5ccbe6,9f2fec82-ef2d-49a4-bc1c-2253598b45d9,2024-10-25T11:16:50
6e7b06f5-87fb-47c7-88bb-ec84340a3338,b74614da-f56b-477b-b4eb-8507e1ec9da0,c8fe27e8-f415-4d15-8052-a1fc94f5720e,2024-06-11T06:22:09
d6b02513-1bfc-42ae-8be7-8f190840afba,4809b7c3-7963-4637-9db2-e20d421427bd,ea3af4c7-0697-4725-8cc6-b6b2c8292ed1,2025-01-14T11:48:41
1b4c9e92-9f3b-49d7-9ad0-05517fb29b73,8f8f9de7-4a5a-40c7-bd11-bfb2dae59c8d,27ef357b-72ad-4c2e-bd54-3bf418e31785,2024-12-22T06:26:44
047bcdc1-77c0-4d7c-98dc-9c3a9ddca0d6,95725267-70d5-40d1-8ac1-bf9fcd508df2,cbe5f41d-e30d-4281-b66a-89a0b7ac854b,2024-08-20T02:33:51
b652be1f-58e4-4347-84d6-f4f18ca3f2b0,1a052b48-914b-439b-8557-b6f8d858865d,7d7f4cdb-e407-43f5-9ee6-fb6992d8c1f5,2024-06-27T11:36:48
38162d54-30a4-4404-b19c-744a93ad619c,9b73455e-ae0e-4ae2-85bc-69b00353a2a9,2b38c687-017f-4d70-ad5d-859d98b9f01c,2025-02-05T08:39:55
88eb2504-33d3-4e97-a381-148f9547c8a7,de68bbff-bd32-470f-a2ce-f9213f04ae66,13a1303c-d3e7-4964-8c7c-9be7b55f6f18,2025-02-04T22:50:09
6b54a7c1-467d-404c-8e4b-1d18c55074bd,addc5e3e-8e98-43a9-9f05-9284664d36c0,1576b8f7-c9ae-4089-8bc8-3aa997ab49c4,2025-03-20T16:07:44
7788dc80-99e0-4180-87b5-3d842eee6352,d2f88469-f9f7-409d-8c7e-ee9c110859f9,1118029b-d32c-4f9b-95c1-9fc941f99320,2024-10-28T04:58:01
3183367f-7ad0-4060-a50f-bd3db5243e96,856ad50f-105d-4016-aefb-be5c4868adb0,6bb9cc94-6b3f-4b5e-a3f4-3bd5c3e16f28,2025-01-24T15:53:20
6cd21b60-569a-4387-88cc-f9df31fbaafd,b282fda4-bad1-422b-b90f-4d0e43eb4675,921179d9-f1ec-4851-8751-a995555036b9,2025-09-17T22:20:40
e715c4fc-1b3f-461f-81b0-14d5fb3de8ee,8f8f9de7-4a5a-40c7-bd11-bfb2dae59c8d,029c2d00-6443-4cb0-b3ab-cad2bef3cf40,2025-04-06T12:45:51
14fd5912-e580-453d-9ed1-aea53a4d5211,9b73455e-ae0e-4ae2-85bc-69b00353a2a9,9a61f1cd-c713-4bf2-a265-c1b95ba06ce6,2025-02-21T15:25:52
93a5ec95-d715-4aa9-890d-0b959f85a5a3,3f995d94-8a64-42c9-a28e-7cbf8bc9ca9e,4095f8ad-dca2-49f9-bbae-1481ddcb74d8,2025-08-17T01:00:22
98239086-6813-45c9-bedc-fe2a342ef43c,6208a7f5-9743-4b20-8100-54fba50606b5,6230579c-9dc3-4bcb-a8e1-c71da45a9675,2024-08-07T14:36:43
71fe0e32-5090-416b-8168-02b691e21a75,985aaac6-dfef-4fcf-8d0f-1af4a6858975,06f3b317-06d1-4d74-8178-9a4b3ebf792f,2024-06-26T21:09:29
6dcdb0da-0162-459f-bda8-3b3c7e27a9f4,fd147725-2b15-4f80-ad51-694ee4a1d64f,804a72a4-f3da-4aa9-815f-ee144001444e,2024-07-11T23:49:33
d6b73d48-e5d5-4805-b370-19fd7e92b0e1,985aaac6-dfef-4fcf-8d0f-1af4a6858975,4862a8c2-15da-40e2-b5e7-77af14d9311b,2025-09-22T19:10:41
8d8b1b6f-330e-4d0a-8f5f-5a3cffe4b9bd,ac80a75a-fde9-4df9-b8df-32bc9d5ccbe6,83128ff2-63ea-4a4e-ba67-392654ecdd21,2024-05-15T14:52:44
63c63785-66be-4e49-8e7f-19d369c00b04,c0700373-2f36-4475-bfb5-8cf4ba020133,7ecb1bf2-ba39-434c-b91c-c92d7a0c77c5,2024-08-01T20:58:36
19067f60-ca67-4ba7-ac90-ecf8c6b1f5c4,15449bfc-ce07-4916-b89c-1cf8719173a2,def434aa-85c5-400d-bb8b-5646187e7247,2024-06-19T14:59:00
90b0f985-22e8-4361-8e2b-4566ca2fa12a,c0279af4-2e31-4f1d-80ca-2cd71117b585,c49e4050-ac0a-4115-a52f-1bb9cc9e1175,2025-02-17T04:56:59
b51e2127-2fb4-4daf-814a-921c414a35ff,b6fb384d-7150-412a-aec1-b5ef6bf20764,71f1701f-ce21-436e-a730-033d3c74f760,2025-07-02T22:00:53
44b6b0d8-c2e0-4052-8be1-fcd8772f275a,e412ae85-b709-4d2c-a944-a6320d4501a4,7d0391b5-a44d-4b7a-8c08-8d17268ce857,2025-04-09T23:20:32
2447c44d-c97a-4636-860b-fc2a8ae3847e,14f0a68e-543b-4e06-8ce8-d314142d437f,f36a884f-7b95-4e6c-ae7e-95ca46ef268b,2025-06-15T23:30:19
406b7d6c-058a-49c3-bbf5-17fcc23a1c8f,8546dec6-d915-4a45-acf1-f2c17ce80719,08925de4-620d-4d7d-8fd4-3d90e439749b,2025-09-08T23:47:44
55ce1cfd-14ad-48d9-a895-01759a9d5674,467144b8-29c5-46de-b2cf-85cf987b5a88,8845b18c-d9a7-4755-b6b2-ba4ebb2a95e6,2025-03-06T09:34:40
95f5d900-3fcd-46e7-82ee-2c738bce68bc,9793d886-3b25-4fe2-9e4a-158856f95ef4,3f8866dd-48cb-429c-a401-cb01e6336d3d,2024-08-18T20:34:22
931c0721-7c71-4e11-9380-12279b7bb6dc,23190cc5-dc75-4e78-a968-55c1f5bd43c6,2abd822a-8929-4c7e-bfd9-f89873a9b4c3,2025-07-18T21:31:14
1ae557ba-bbfb-4c3f-88b6-f02058e52660,a973958d-0b6a-4005-9e12-0622a8a1f80e,ac6febc6-a66e-4aec-b408-292cc2abefc2,2025-01-20T00:41:55
3e0fd6af-4438-4bc3-b154-8bfb5fe41fc8,99367e55-320b-453c-938b-4a42be028466,23ecd125-4702-42bf-9e45-6b1dbe9ae628,2025-01-03T14:23:57
8f902e40-0401-43b2-b658-538a49024d4f,b0d032db-eb6a-4d5c-8576-0e170400b838,ce5f329a-296e-4aa1-ab47-28416cc2a9bb,2025-07-18T22:10:41
64a87e38-2c92-420c-b6fe-e4173e6b9a5a,b6fb384d-7150-412a-aec1-b5ef6bf20764,687dd436-9fc9-4702-8ff6-acb8087800e4,2024-04-22T10:48:16
dd9079bc-d14d-48b5-bbca-3dffc9345512,a113c498-c239-4c27-92bf-7b320e4949c6,5974bdd1-80e6-42a0-bd5c-4988c2d4047a,2025-09-13T16:58:02
c478e838-1676-4473-ae57-7b48143bacf2,addc5e3e-8e98-43a9-9f05-9284664d36c0,5487eb21-e6ca-4576-8bfc-986232eed87a,2024-07-10T13:13:22
ce3853a3-2315-40ae-b2cb-5b2f11afa7fb,856ad50f-105d-4016-aefb-be5c4868adb0,4eeb0f65-10f6-4878-8839-fa7afbb0191c,2025-04-10T06:53:18
b6031bf6-0a0c-46f2-8a77-7fb94e57d35d,1d0c03b3-2e7a-44f0-b345-bec7ad000215,86845545-f898-4ce3-8ce4-38aeec382b73,2025-04-14T04:53:57
f7986cad-e0c3-4171-ac48-208dc3fdcb82,442559c9-e47f-40dd-96f5-529ae82b92b2,a0fae58c-9b70-4d47-944f-67608b25dc5f,2024-06-26T18:56:17
9ff071a5-f7b0-492e-8b38-2bbfd3e791e0,c0279af4-2e31-4f1d-80ca-2cd71117b585,36e21253-5360-460e-8eae-0ecdfedd3e32,2025-02-13T12:31:31
abb44cfa-6c66-44f0-936a-a874beabf123,b6fb384d-7150-412a-aec1-b5ef6bf20764,d6a13fbc-42c5-4316-8260-6e1be64ba08e,2025-03-08T08:38:55
2b094bb9-da5d-4fa7-988a-ab789c515256,eba47ddf-3fe6-472f-8b3a-2bbece9d9366,8722e9c0-f26f-42cc-a1d9-de84a122176f,2024-05-05T18:37:02
32f34046-b2c7-4b94-8d6a-0ea355a79540,1a052b48-914b-439b-8557-b6f8d858865d,93be2532-9728-4ee6-a5da-f05f868caab6,2024-05-19T06:18:02
687529f6-6972-4574-9cde-7462eeb97a7c,cfe98e29-4f52-4f43-8d41-f9a5ba78f551,8f2e451e-2c77-4fe5-b483-7093b32942f0,2024-10-20T06:26:54
09edd3be-896b-4344-ac5a-c2e9b592435f,4809b7c3-7963-4637-9db2-e20d421427bd,d2ec43f4-52e1-4286-8970-ee24f3028e17,2025-08-21T19:13:24
d7a61d5d-4b29-41c6-8bff-25d23ac4872f,9793d886-3b25-4fe2-9e4a-158856f95ef4,96b6aba1-7233-4505-bfa4-b782923881c3,2024-11-30T03:27:03
25bcfd77-2504-417a-963b-0e0bc9ca0246,38fe2a47-2150-4a56-a08a-0e48fe638b91,6d77b51e-43bf-43db-8b28-134812e1dc7a,2024-04-09T16:02:31
c7d2ad97-9694-439f-9eed-e87e10d56df0,c0700373-2f36-4475-bfb5-8cf4ba020133,804ad225-6b49-4c10-89a3-5d63ecd7f1f8,2025-09-29T07:44:01
98c47385-4701-4564-9d23-c0535fb35fde,45597031-1b63-4f81-b88c-c80483f2e475,963f23ed-703f-4c05-b94d-abc27c7adb71,2025-09-08T15:08:31
08f2025e-8086-4fcf-8c85-ad2f7e757636,b6fb384d-7150-412a-aec1-b5ef6bf20764,50e026ff-b62a-48cf-bd6f-6e9ab88b355a,2025-05-12T16:56:45
ceca6b76-d544-4385-a219-5c83838a8086,eba47ddf-3fe6-472f-8b3a-2bbece9d9366,f2a8021a-4145-42c5-b13a-509e81131614,2025-06-21T23:08:51
bd666fc7-36ca-419f-9a2e-3a4728139399,96a33d40-29f7-47dc-a32e-30cc5692dd8a,f46ffd35-cd14-4be3-96c0-13388424ab75,2025-06-12T22:13:20
62ceed5a-6a48-4c49-b2e6-bcc177e49aaa,0f2474d7-1d42-47d9-a4b2-9fbf23f5f7bf,39af639a-34bc-4d74-b59a-9863b47a1a9d,2024-09-21T01:00:45
1cee446a-8bf4-449b-88bd-327c2e97bee7,d83d4660-670d-4725-bd26-f8a6d5de3b15,358c3d95-3527-4684-b04d-bbf660b8116e,2025-09-02T08:26:05
b974c6f9-069e-4519-97a8-c0acac9b3601,4f75ad7c-da9b-4a81-a2a0-38abff0ad390,8b4ce0cf-ae9c-4580-8ece-b1ce3821a74b,2024-12-18T20:00:43
2026e899-b594-4327-aa1c-407700c45f5e,cfd0431b-8cb7-4b4a-b3cf-ccfc49848fe1,5af2a013-442e-4d1d-ba21-afddca5c00c3,2025-05-08T06:21:01
ac83a5d8-d8d6-4580-9ec0-9bbfd9ccf72e,985aaac6-dfef-4fcf-8d0f-1af4a6858975,31aef1f8-739d-4219-8ac1-50782f09cb3f,2025-05-11T08:58:51
d64d0c21-3354-4ce1-96cd-da65cab947f4,0fb892e7-7eae-4e71-ae1b-ae0964dc3241,fc7164c7-86c3-4920-b684-6d061d435fc4,2025-09-16T15:23:06
c4ce55d7-0a21-461c-b433-06d5538a22a3,0f2474d7-1d42-47d9-a4b2-9fbf23f5f7bf,25a8898d-2951-4714-ba57-1d6010f0045a,2025-09-26T05:23:32
e9922f82-f78c-4265-bcd6-79fa2fb21822,f6562271-7b98-4cd8-b6d3-abf210dca85d,2250011c-6295-4362-a04a-fee1cd465124,2025-07-24T06:26:30
37edd782-940c-419e-9123-9eae6f335c9f,d83d4660-670d-4725-bd26-f8a6d5de3b15,698cf2c0-609e-4eda-acd0-21e5916dc437,2024-06-13T01:04:23
3ca63de6-f988-4ba7-bed5-6bf9774a44d6,cc6c319f-33c7-4172-b835-23c74ab18101,2ff76900-2aab-4cb5-af27-be6f5f20025e,2025-03-02T06:30:03
7ed33e09-0ba6-4d48-b7b3-43fa674cd0dd,e256a184-78dd-448c-886d-a5e798ca03f3,bd82b373-0ccd-4a08-9995-5745cf9b6df4,2025-08-27T00:51:37
d5118fd6-9729-40f8-b408-02545e11903e,aa597d9d-b955-4a5e-a820-dc3ee21a0987,a5e6d850-f781-4390-8e40-8277345438d0,2024-10-10T03:26:31
a53a4742-8043-4298-97fa-ce8df4eadf48,adc94032-1b6b-4c5d-8241-cd1af6e630ec,becfcec9-77b6-4727-8aeb-bdce48a44e0c,2025-04-09T09:27:05
fcc32031-f440-447b-b292-bf95cdb3d9c4,19934c14-861c-4de2-9671-a61ebb91d49a,8d1ff35d-5324-42ed-a89d-95eae468f615,2024-12-24T14:52:07
e1db0acc-f1ef-43c2-9d0e-99e3c11595a8,646ddc3f-cc23-4ef7-bd58-373812ccf925,b31756c1-0c61-4425-9f17-08a58b873af2,2025-08-28T14:05:39
df2a33af-3da0-484d-8d0f-aae326bf067c,32a36cd3-e50d-4039-b524-ec0ccf761746,fcc5db36-2328-4b66-b1e4-2252c2393442,2025-09-07T08:41:39
2b0b6934-57c2-4497-9493-5a91a8bbe162,f6562271-7b98-4cd8-b6d3-abf210dca85d,3aac4318-598c-4db9-b142-9e5d94d590bb,2025-08-11T06:16:36
130185f5-1eb7-442a-85d0-3c1f103e7d6c,ac80a75a-fde9-4df9-b8df-32bc9d5ccbe6,546a1ef7-045d-4110-9595-4eb4dc197d77,2025-01-24T00:15:04
3fbb7b02-064b-4e24-b373-aa644c0111dc,e510ffc0-c924-4507-9e1e-299263415430,9c5626bd-2d74-443e-95a5-e11cd9dcc265,2024-07-24T12:45:03
14187728-0798-4784-94de-0f8cc69b7c19,14f0a68e-543b-4e06-8ce8-d314142d437f,20aed6b5-c289-440c-a134-bb34dc407bc4,2025-06-07T17:55:19
abfbfd82-3f44-442f-8040-8cd75c8968ed,96f1c113-bde2-4439-a196-fad7226775b1,06f775f0-54c6-437d-a148-823b19cca3f4,2025-07-20T03:10:35
c31e2096-2c07-4ff3-91d3-25d8a9f8179d,0fb892e7-7eae-4e71-ae1b-ae0964dc3241,52a5465c-0691-4e1d-bbac-97fac17c3559,2024-05-12T10:49:02
5cfa4500-937f-49f7-9e21-72c29015fcb5,009fdf33-e26b-432d-8868-af41ad2c1320,0b23c84b-3e2d-410c-ae83-2dcaed2e3dfc,2024-04-09T02:42:25
61becf8c-ac65-4170-aed4-273a699181d5,d83d4660-670d-4725-bd26-f8a6d5de3b15,6c0ebe45-d371-4fc8-a95b-1596f6fbf294,2025-08-12T19:27:08
63968731-9d4a-4d6d-be03-d845ee42b382,b0b53bf6-4c7b-4d99-a2b6-64f8761cd6bd,706194ae-6967-4be0-acdb-9ceab43b84b8,2024-07-30T22:58:09
62c9a7bf-67ec-4f2c-bacb-5b5253c271e7,b6fb384d-7150-412a-aec1-b5ef6bf20764,a26adbd1-ed98-4927-8a87-7eabf0230bae,2025-04-27T18:05:37
8009039c-c32c-4599-9ead-f94c5f87e8fe,e256a184-78dd-448c-886d-a5e798ca03f3,fc5e1658-b86f-43bb-bf55-373eaa705610,2025-03-30T13:48:39
f4bbe48c-2237-4d10-86e6-ad8fbac56018,656cb8c1-9e05-49b1-b13d-dc8471badcf5,e5481ba8-e524-4c1c-8e67-790083f7d921,2025-04-20T04:39:50
2a90031e-12f7-4a39-b66b-9c53f2ced614,4809b7c3-7963-4637-9db2-e20d421427bd,0d6373dd-e5c8-48df-9d0f-995953447ddc,2024-08-06T12:58:58
6dbade82-318c-47f1-8d83-5c0fd2a021cf,b0d032db-eb6a-4d5c-8576-0e170400b838,6cfd6c6e-790c-4899-9790-f0ef44a35ffb,2024-05-28T05:13:13
622859e1-7ae8-468c-9e98-6b61c955f5bc,856ad50f-105d-4016-aefb-be5c4868adb0,af5c10ce-4c8d-47ad-bc7e-b85a27af90e5,2025-04-16T22:36:48
a66263ed-c128-46f6-b6ed-522a806ce863,6c1c0840-bb47-4083-bdbf-a0d077f76a29,a14d5751-6393-4eb1-8a4a-559f3097413a,2024-12-05T02:40:43
ddc02c2a-0305-4ee3-b945-530c30d538c1,38fe2a47-2150-4a56-a08a-0e48fe638b91,a925cc71-6b4f-424e-9154-5f76a2e767f1,2024-10-04T04:10:48
3b2fbdd0-194a-446e-98ee-fb8175ccc9a2,34d7ab8b-cde0-41c2-992c-a0625b238b65,35054303-7542-4e58-9017-3c75d2c6ec25,2024-12-13T01:57:28
e5df3a68-cc7c-4771-90eb-6a257b07a49e,a26e2bf2-917a-4748-b145-f55bc22fa842,47979889-b0bb-4bc9-80f2-a8ab61e7eb1e,2024-11-02T02:51:21
e563d9bf-1219-4f18-9e0d-25bae8349973,467144b8-29c5-46de-b2cf-85cf987b5a88,49004f24-68a7-499f-9e06-7b0853320723,2024-05-09T04:14:11
4180d387-46b8-473f-929a-ead81f6026d1,6209eb39-7dad-4e70-81f1-4ddd22c8f7c1,327fd040-ab76-461a-9810-a32be4e04be6,2025-04-28T19:28:43
47950e34-aea8-42c2-bb9b-23a24f5e247e,b82a6026-e736-49ee-8ccb-3a4403d0b15b,a0ce9979-ca45-4123-b368-2c7399d7559f,2024-09-20T01:10:53
c572fb15-1666-4d4e-b4f1-1aeb6a9ffcc9,8f8f9de7-4a5a-40c7-bd11-bfb2dae59c8d,6b41948b-d3a9-4c95-8ab6-5781ad536e5c,2025-06-01T15:36:44
b2e4bf9d-eaba-4bcf-ac6d-5e7ff4d5ae35,cd7a22cb-bf8d-4459-a71e-83478ba222fe,fd374ae1-7499-4d8e-850f-92b947c93db6,2025-08-12T17:56:06
95ee0d1f-548b-4f87-b506-3c5842e3e625,96f1c113-bde2-4439-a196-fad7226775b1,d1945b97-60df-43c5-8af7-b046796f777c,2025-01-19T03:56:50
9c99b362-35b2-41e5-b7e1-b9decc7c4cc8,63f6fd3e-315c-4155-b6eb-00d6ccdaac05,0eb7ad35-a441-4c60-87a9-53375560e390,2025-02-07T07:15:32
ed0b80d2-5662-42ad-9b7b-d5e3c01f5fdc,1c8a0915-ba2e-4d74-9b41-58c6236d5422,1899de08-a08d-48a3-bc06-18d1dc41b0cb,2024-09-29T14:20:55
4ba14aa4-941e-4d59-a1f4-f2908961352f,90214a5c-e1f0-4c94-85f6-0c584eeceafc,addd70ae-dd22-49d5-ba62-7b42acedd009,2024-05-31T07:08:23
0650ee76-453d-414f-847b-df0a933bb5d7,93178db0-5c71-4fc2-b422-85c3f5d33250,c71aa386-b132-46c9-b1ec-3c71fe4b8499,2025-03-22T15:46:28
ca273383-88ec-4099-855c-1947b3f24255,caf12334-e584-41d3-98d9-01d4ca214924,a964d514-b1db-4247-a8e9-e2980d8c3b33,2025-03-11T01:54:42
7c89d909-8b2f-40c9-aa12-402e99260b77,e256a184-78dd-448c-886d-a5e798ca03f3,877d647c-1533-4f70-9a86-198bae47705a,2025-06-19T03:46:35
cc835b8b-9bb2-42be-a7b2-652aaa9cbaf9,7d3280e8-b5df-40e7-b3c2-60dcc07f6227,681898eb-72d5-41af-ab6c-3e7124ff5b03,2025-03-14T02:47:39
4b0fd52c-5845-4934-932e-9b44a36528d1,a3a6a732-0d60-4361-885a-7b460ab60205,9f4583a8-f540-40e1-b74d-adddf86b8c85,2024-06-07T10:26:24
37f09867-07f9-4fa5-a980-c3aefe6bde42,38fe2a47-2150-4a56-a08a-0e48fe638b91,1c599884-65b8-423b-9139-e09aa7b31222,2025-04-22T05:31:37
e80a74b3-825c-4299-8028-9faad1f902b2,6926df43-e63a-4cca-8bd7-5a95e92b7aa1,d59e51f5-b047-4fe7-9365-49f588e2f1b7,2025-03-13T07:35:05
c2ad09f7-3408-4315-8421-f6fda91d94a3,19934c14-861c-4de2-9671-a61ebb91d49a,f7e22e3e-a2be-40ae-8296-4f16b8973337,2024-12-01T13:26:42
0dc8f1b4-16d6-49bd-a11f-da270308ef67,6208a7f5-9743-4b20-8100-54fba50606b5,5937fd39-72f4-45b2-a5f0-66022918ac23,2024-07-01T06:29:13
88cfcae3-a3c7-4e26-84c2-badec4381c53,36e0c924-f73a-458f-b044-e9751400a18b,4dc490bd-020c-4764-884d-4c5875ad816d,2025-04-21T09:20:32
ff97e289-f449-45e7-a92e-f2ede8197602,c14708dd-1436-4edd-8b9e-341b114657b5,0b4364b5-05c5-458b-b69d-268c72b6a1c3,2025-08-20T13:23:12
a5e89734-858d-47e9-aae8-b55e1d1c7c61,b282fda4-bad1-422b-b90f-4d0e43eb4675,2e055801-f64f-4a6a-9012-0a269dbdbfff,2024-04-13T20:52:18
71a55501-c2c1-4206-bbcb-25ee0ccff341,8546dec6-d915-4a45-acf1-f2c17ce80719,5b357e5a-39ed-423c-a9bb-18bccd0f1f31,2024-06-18T19:02:28
eb5c548c-7e3c-49d5-b0bf-0c5aa3e95076,19934c14-861c-4de2-9671-a61ebb91d49a,feceaa43-4d92-486b-9270-efe7dd640da6,2025-02-07T10:17:29
5361ee56-bf75-45f0-8ff2-dbcf4fc40389,fde57aec-248c-4533-b6f3-fb2e4f773029,c508502b-d24d-4be8-83da-d0534ce361b7,2025-02-14T08:10:43
0c472464-473e-4313-8940-bcb962677dc1,ee5c68d4-4f09-4a22-b493-aa0d6104785c,0b0b4215-f7a6-4a20-8247-83fbde620a49,2024-04-27T21:35:12
aa84fe4d-ca44-43aa-bff4-b2ca3da0d71c,6c1c0840-bb47-4083-bdbf-a0d077f76a29,5959c605-5474-45e1-b3dc-73559af4d1d8,2025-06-06T19:18:21
939f3aa7-9c99-4c7a-a80b-80dc1e60456e,b82a6026-e736-49ee-8ccb-3a4403d0b15b,cb95246a-3d23-430c-ad50-5f509fcdfb04,2025-05-31T13:34:28
203ad4fc-8fc2-40f8-92c4-19e3833adcf8,11b40823-bede-4d8e-83d8-1120e61afba7,50ba5d1f-c2cb-4c81-88da-0fedd1082107,2024-03-31T04:47:41
7ddf751b-5ae0-43ee-a56c-0bcb5e0599da,b0d032db-eb6a-4d5c-8576-0e170400b838,d4b91102-0146-4978-bc61-695b6b7bb77d,2024-06-09T16:02:48
766f315b-d558-4e27-b8f0-7b5b46cb2ccc,96f1c113-bde2-4439-a196-fad7226775b1,206b6a1d-7ff0-49aa-b72c-0b61d1407966,2025-07-13T08:47:47
20259f1f-0905-4937-a64e-caf4cbeaf03f,f6562271-7b98-4cd8-b6d3-abf210dca85d,e615f867-c6af-48d1-b5c3-f650935a3389,2025-07-24T21:51:38
63fb61e9-49c0-4a3c-a5c5-d7d5a4e5079a,812f0bb2-7dab-48ef-9120-2e3ba5ffd81d,63597d90-3487-459f-a6b0-961e16f4d18c,2025-08-08T06:12:11
977d8df6-92a1-4985-ad2e-50e151ffe275,7d3280e8-b5df-40e7-b3c2-60dcc07f6227,f9b9b34f-8056-4889-8dae-bb2308a50800,2024-11-22T15:44:54
8a7d48f2-d24f-4e15-b194-9ea3db6e739a,96f1c113-bde2-4439-a196-fad7226775b1,bd4b5ba7-e8c3-46a7-b0f9-5e800e68a099,2025-04-29T21:44:00
1558bb1f-24ae-40e2-95a1-91bb0b307615,8546dec6-d915-4a45-acf1-f2c17ce80719,0184819f-13e6-4f86-8e7d-efdccc6a48a3,2025-06-10T20:16:12
a459908c-8feb-4682-9b62-bb72d5accbf8,ee5c68d4-4f09-4a22-b493-aa0d6104785c,cdc006be-7aa8-4811-ac29-677db32d70c1,2024-09-07T17:37:04
932a9e8f-baba-40d4-9cf1-b62b96377c3b,b0dcc9b9-c692-4fd8-aeb1-effdef193b2f,2757bdcc-4aa3-43a7-b507-2e128aad31db,2025-08-21T12:11:04
00fceda8-6c73-4e60-b5f3-0d91119a5ca4,99367e55-320b-453c-938b-4a42be028466,1acc9333-9a73-468e-a06d-7e99022a24d3,2025-09-03T14:49:14
4367476c-62ce-443b-8417-bed74cd8f516,90214a5c-e1f0-4c94-85f6-0c584eeceafc,4e0c16f7-2880-40fd-8951-40fc090f3982,2025-03-20T09:57:47
ec6e679b-6845-4469-bad2-0941723d79c8,975ffd9a-a177-4665-8f60-8b916df3fc87,241db403-f79d-430a-bb7d-f772d4ef5426,2024-12-20T19:36:50
5e29845e-9214-4556-ad2b-8570b81725b5,95725267-70d5-40d1-8ac1-bf9fcd508df2,e4180c10-62f2-4fb1-9e8f-5b3ad9e558a9,2025-01-07T06:49:32
df7591c6-b407-491b-83e6-163160a3c885,36e0c924-f73a-458f-b044-e9751400a18b,47de32c4-a660-4bdf-82d3-d00ccfadfc96,2024-05-12T05:23:39
ca4eda1b-5ea9-4db3-b9c6-9dc43173fcbf,467144b8-29c5-46de-b2cf-85cf987b5a88,46f2f702-2d69-439e-ae58-5b3d3271303b,2024-09-20T05:07:33
3eaf0e3c-b6c4-4b84-9c1e-8e9a641de922,1d0c03b3-2e7a-44f0-b345-bec7ad000215,3502d2d6-280f-4e5a-9699-05b3ddbe7e74,2025-03-19T01:22:45
e5287ed3-e309-4490-b607-e8adfb71e2c8,e256a184-78dd-448c-886d-a5e798ca03f3,304480d6-9bcc-4ea9-b2d0-2642a8c5d8d1,2024-12-13T22:02:57
65b96f74-959a-4108-bc82-1952ee6a375a,e510ffc0-c924-4507-9e1e-299263415430,26cdfe66-3d7d-4dca-b5d1-f81c162d47db,2025-06-09T03:35:58
a56b11e2-8c53-4cf5-ac4a-3d68304f5e89,de68bbff-bd32-470f-a2ce-f9213f04ae66,895084bb-e1ac-4f87-8526-128955f45de5,2025-07-25T10:45:25
ed4aafde-8ea8-4f54-a54e-00ee1067cfa0,467144b8-29c5-46de-b2cf-85cf987b5a88,b969b36f-f231-4073-b997-221ece81d26c,2025-07-10T01:31:52
7afdbb65-283d-4ba6-af67-6d5b5d5956e6,a3a6a732-0d60-4361-885a-7b460ab60205,43493d79-ab5c-4dc4-a8f0-a33b908dd951,2025-04-02T13:28:55
d642470d-3374-4217-ad74-6ae53e94b967,cc7d7b47-f0d8-4a7d-8d63-a6b911c29a30,e5d7c84e-8a74-486b-acb5-2f9d0929212c,2025-08-23T12:06:56
3bbfcd46-5ca3-4cdc-8c06-90254be27370,e510ffc0-c924-4507-9e1e-299263415430,618cbf7d-ee82-4e2c-929b-473e214fee2c,2025-01-07T05:55:56
70003c70-ab38-4e8b-bbe6-77068d315bb2,19934c14-861c-4de2-9671-a61ebb91d49a,93528261-ae64-42af-8cab-f3458b0e15e1,2025-03-17T13:26:51
14b66b78-5cd0-44e0-a478-ff4229207d5f,cc6c319f-33c7-4172-b835-23c74ab18101,30884585-c0e2-435b-a67a-7dcaa4f15944,2024-06-27T15:10:50
db4af643-f09f-4446-9973-0aec6a95f673,4c66c83c-7684-4953-999f-6d1d21d74155,e2505d9e-d154-45b8-bf2f-ff99cb8c0726,2024-06-14T17:59:19
90ccfc9d-4f23-4f74-a9a7-3e837f1ce384,7d3280e8-b5df-40e7-b3c2-60dcc07f6227,398e01cd-41b2-4a79-84d8-f8a1fc44d3bd,2025-08-24T20:36:30
f0072230-ae67-4bb9-ae69-670769043758,fd147725-2b15-4f80-ad51-694ee4a1d64f,57457c35-4677-4cd5-8d26-120cb009cbf4,2024-09-19T07:17:48
966d3c50-9354-487f-ac86-eb45ef65ebdb,6209eb39-7dad-4e70-81f1-4ddd22c8f7c1,d0b1726b-f97a-4776-b444-9bd9efec3f4f,2024-04-01T18:35:06
fea9194b-2a80-444d-92cb-9a0a17532e9e,15449bfc-ce07-4916-b89c-1cf8719173a2,5679ed0b-96cc-45a2-bd2c-a5a5742e6a9d,2024-12-21T04:59:20
6d427659-52f1-4a79-a25b-29d64d6a7d8a,9793d886-3b25-4fe2-9e4a-158856f95ef4,c4bc695f-a077-4a0c-b17d-421b2c0de38d,2024-12-31T21:54:05
49538ca6-b1d2-4004-b5f2-ec9c9fa707a2,63f6fd3e-315c-4155-b6eb-00d6ccdaac05,0614f7a0-35a5-4c3f-9899-f4ad857d65ff,2025-08-05T05:55:53
213d9769-bf10-44b1-ab15-16457b6c1ffd,e97bb08f-0a81-473c-a4e1-07e8fc64f150,58e3af91-d0d9-4884-a3db-dd934f039f94,2024-11-12T20:35:57
1cf28c7b-dcb5-473c-a1d6-93dd81ca1ea1,a26e2bf2-917a-4748-b145-f55bc22fa842,2f322075-336f-49d3-ba40-6e4f9b7dc284,2025-05-30T11:19:24
a1ec1764-2159-4a82-aa77-f266a769c3c7,856ad50f-105d-4016-aefb-be5c4868adb0,898ba4a0-5029-437a-891c-2f199a7e1a5f,2025-05-10T12:08:18
8a84c111-116e-4c54-a4ca-d5344c534027,3f995d94-8a64-42c9-a28e-7cbf8bc9ca9e,fde7b2a2-f7a7-4736-9f09-9e8496d3afbe,2025-01-15T11:27:09
2bcc1300-8287-4971-9e17-62d3eadd8863,6529684b-2c81-4d65-ade2-59d27016e4ab,bf64ad6e-9d39-4d4e-820c-cef029c06f21,2025-09-27T09:39:00
7e13960f-a754-4bfe-b60e-40a0414f3a44,656cb8c1-9e05-49b1-b13d-dc8471badcf5,5a9b3938-e984-4a3b-b5a6-446db28e3371,2024-06-21T15:37:16
2da06eae-5353-4d05-944e-1aed223534e5,e256a184-78dd-448c-886d-a5e798ca03f3,cff61416-d53f-4568-9ce0-cffef8db5755,2024-05-05T14:59:48
2ba72c1d-7a17-4d4a-a248-39f7d3923ede,f6562271-7b98-4cd8-b6d3-abf210dca85d,83ce1b8d-2a0c-4804-a89d-6449d1a94ef0,2024-08-05T13:42:32
478864e6-64bb-4199-80ca-5a0781a52926,7e20a725-7d5f-42eb-a9de-d3d68454b416,8eceb775-5564-4800-97f6-3992d8c2892c,2025-04-17T13:02:42
cabe67df-6293-46df-a123-79d8ab149369,caf12334-e584-41d3-98d9-01d4ca214924,b99f2a36-5c15-44a4-8075-1e8a4e8c791a,2024-07-18T03:47:37
d93a8e19-07b8-4734-aff5-53a06003d3b9,b82a6026-e736-49ee-8ccb-3a4403d0b15b,2b96f63f-5bc7-4a9c-8103-07cb55bf26c6,2025-02-11T21:52:21
4cde70b1-782f-4264-84f3-93d18705971a,f6562271-7b98-4cd8-b6d3-abf210dca85d,b5b7f220-e08d-4900-b083-e8a50d1160dc,2024-06-22T03:32:17
a27b39cb-34dc-4b12-a498-21590d615c8b,6c1c0840-bb47-4083-bdbf-a0d077f76a29,6aaf6d5b-6bbf-48a7-8fa1-bea2f65ab64c,2024-10-14T13:55:38
c363fb80-f437-49c5-8507-31d8f5e342ca,ff448aec-b8cb-40e3-8e0a-26b2d118b087,3fab5305-f265-4631-8c6a-116831a6238c,2025-07-18T12:44:00
8136e1e6-abf3-4dcf-984e-ac3c7121c72b,eba47ddf-3fe6-472f-8b3a-2bbece9d9366,7c7a0db6-2460-41db-a89d-662d1688c98c,2024-08-30T05:52:19
91ec6054-3ca3-4a3a-b35e-3678a22f8b00,6d04f78a-3228-4710-8e39-c2cac9960600,5e1a4b69-c633-4c76-8c40-3051c1788e2b,2024-08-23T17:41:36
1a639ff9-0411-43c7-adbb-7c0066a4dbd1,5e3b553a-c01b-482e-98f6-452ab5b125fe,6fab7d47-2049-4254-8917-2a20c10e96d4,2024-07-02T20:29:45
746d96b3-aa04-42ba-8b95-434f44c70a71,6529684b-2c81-4d65-ade2-59d27016e4ab,9f1b646f-5a76-4a5b-bd58-ecc665124b82,2025-01-30T05:45:09
da51bcfd-ea13-49c9-ac74-3c44bb27df27,14d622b0-67cb-4a62-aa0f-7486650decb9,682f5def-76f2-40ee-8f01-0f69a229db7c,2024-09-14T12:30:38
6ffc5381-7613-472a-bd44-1dc8a7f3783d,cfe98e29-4f52-4f43-8d41-f9a5ba78f551,ce455cf0-dc5b-4ce1-85a8-a64250b0025b,2025-03-21T01:35:10
d5f4c333-de6a-4ff3-8cd4-deaf92625fc9,32a36cd3-e50d-4039-b524-ec0ccf761746,b98250c4-6458-4b46-83f4-5f9665989509,2024-08-26T02:16:36
104d3a6f-9d6c-4974-8271-32bed2b86d27,fd147725-2b15-4f80-ad51-694ee4a1d64f,4c39da90-0b80-4380-9bd2-bcba0c4807d3,2024-12-18T13:10:08
b94217bd-7513-423d-8276-ef71011354ad,c637b456-90de-4e61-a18c-db964bd1e04a,b71acea9-78d7-4881-a1d5-c760968bb3fe,2024-06-22T18:31:48
30c1fbd1-ce6e-4daf-8022-7ebc79cfa41d,6208a7f5-9743-4b20-8100-54fba50606b5,be2af2dc-3a49-4a1a-8e87-3afc843936f7,2025-02-15T23:55:06
f1adbe8b-b763-47de-8632-b92c019953bf,009fdf33-e26b-432d-8868-af41ad2c1320,9597c2c2-f82d-408c-9cee-51e285511504,2024-05-06T04:27:38
18993adf-79bc-4c91-aa15-3ec6635c53f0,f6562271-7b98-4cd8-b6d3-abf210dca85d,b1b9874e-8078-4f06-8cfa-c0f1dfa19f5b,2025-08-04T22:05:20
9804fe64-5d02-4cf9-bb1a-aff1464f1fa4,90214a5c-e1f0-4c94-85f6-0c584eeceafc,40ab2bba-7772-47c1-8a3a-ea847afeddb6,2025-09-04T03:15:42
295385d1-fd00-4fa9-b81b-d250b121f855,36e0c924-f73a-458f-b044-e9751400a18b,0d78f282-8581-46ca-975a-e5155bae05e1,2025-07-01T09:51:56
61a9a509-d815-4193-974f-aefa57301a0f,a973958d-0b6a-4005-9e12-0622a8a1f80e,cdcedaab-ae9c-4946-add7-4198b5db9fd5,2024-07-04T18:36:11
4c08931e-7f1f-4f3f-b616-720ff6847078,3f995d94-8a64-42c9-a28e-7cbf8bc9ca9e,c994ccdc-a1b1-488f-8a8f-4253ae230380,2025-03-15T23:38:43
743ae11a-1711-4961-b347-4670e23a2cc2,4c66c83c-7684-4953-999f-6d1d21d74155,e2060563-1faa-44f6-9b0f-eee335dc5e23,2025-03-21T07:57:32
9c345e1a-0d75-4f9c-ac3e-e04efeb51740,cc6c319f-33c7-4172-b835-23c74ab18101,ac87ad9f-1fe2-4e64-ba96-4c9280d99736,2025-08-24T12:09:12
246e4afd-15f7-4f65-a55c-11f176ff137f,d1a7d6de-e5b5-4d3b-b38a-cdacb3940df2,55d9a955-32ef-4f0e-b329-ad9b94fc3334,2025-07-01T19:16:50
76018c38-736a-41b3-8b49-1d43afc48eb8,f6562271-7b98-4cd8-b6d3-abf210dca85d,a34eca90-b114-4afe-b8f7-a02ced96ce6d,2025-04-26T16:33:18
9d29a080-3f20-436e-a379-c5d521a0dd83,009fdf33-e26b-432d-8868-af41ad2c1320,80e608c3-59b1-48fb-94fa-545970607247,2024-07-13T15:25:41
8e0b5e64-a0f4-4190-8321-a6efc89ac39f,6c1c0840-bb47-4083-bdbf-a0d077f76a29,098e3f12-b8f4-46f9-b057-594cc7d0b10c,2025-04-22T12:28:15
8ce55ea3-9dc6-4af0-814f-80f6d09fa5a2,c0700373-2f36-4475-bfb5-8cf4ba020133,c95dd7c0-b294-4697-9af4-6faa8a26f095,2024-04-03T10:29:25
adbb8e4d-5319-489a-af7c-f5e6200e53b9,9b73455e-ae0e-4ae2-85bc-69b00353a2a9,bc746b02-5d1d-43a1-91f7-78179cb1c8c2,2025-05-17T00:20:20
64ce67e0-69e4-4ec1-9b69-7b74bcf9a1d7,9b73455e-ae0e-4ae2-85bc-69b00353a2a9,841db538-806d-43a6-b75b-1c02591449b7,2024-05-07T19:04:17
835013ca-0b34-44ac-b2cd-9b66b96b8364,7d3280e8-b5df-40e7-b3c2-60dcc07f6227,8f3cdf83-9b6e-4a9e-abf6-95db406db1e5,2025-06-03T18:31:02
64715809-0b68-47a8-ba68-b694d5fba7af,856ad50f-105d-4016-aefb-be5c4868adb0,ad607ec3-d9cd-46e3-ad42-6027902fdbb1,2025-03-02T05:48:04
69106669-7d1f-4b94-859f-5408953aa4a9,985aaac6-dfef-4fcf-8d0f-1af4a6858975,0c8b52ac-b6d1-4878-9cea-4d098c8be771,2025-06-28T13:04:18
cbbf1b82-c9a5-4110-9095-91534b19b90f,5e3b553a-c01b-482e-98f6-452ab5b125fe,e3c1d6a3-5c3f-479a-9089-77ae55a7f1e2,2025-04-10T04:08:07
9234af07-2102-48cc-b2c5-990c30fa6e39,856ad50f-105d-4016-aefb-be5c4868adb0,a101ba39-9ecb-4f45-ac96-54495e7a40db,2025-04-29T21:38:35
52381333-64e8-4c84-a657-191f592cf945,a113c498-c239-4c27-92bf-7b320e4949c6,9700a787-54d3-40da-9e80-db8526da1c93,2024-08-15T16:55:26
0c211c85-fd2a-4814-a44a-0f4eeeac2402,b0d032db-eb6a-4d5c-8576-0e170400b838,8ef4b9a6-391c-4f7c-91b4-196902088992,2025-09-19T10:02:52
ae56cf4c-22e5-4632-8a95-8404cd171a83,b0d032db-eb6a-4d5c-8576-0e170400b838,b7bab4af-c48a-47d7-8483-fdadd2a2bd9c,2025-06-23T10:39:59
e9159767-d495-456e-9308-a6e7c34d8e1f,63f6fd3e-315c-4155-b6eb-00d6ccdaac05,779020f7-9075-48e7-8f18-ecac917888ce,2024-08-12T22:42:24
042cd644-c00d-4b29-99eb-c028e26f66ea,fd147725-2b15-4f80-ad51-694ee4a1d64f,819b20a8-478b-4c3f-a022-a40264b61af7,2024-07-08T18:50:27
c52ba42b-e9b3-4609-add8-6ca2d03ab6ee,812f0bb2-7dab-48ef-9120-2e3ba5ffd81d,616dfbc6-e1be-4eb9-9676-65c630d83426,2024-06-19T12:01:00
3e39f168-225b-411c-ac10-81ba9eace033,e510ffc0-c924-4507-9e1e-299263415430,5fce7673-03c2-4ee0-af2d-6bbc68c8a2e6,2025-01-25T23:23:40
59e037ec-f9aa-4927-bf40-c45589e19d11,4f75ad7c-da9b-4a81-a2a0-38abff0ad390,9d9f89cf-2f00-4e7e-9b4e-3f75cd729285,2025-08-23T18:43:33
092c3e8f-6ba8-48ee-85f1-36e72fa3649f,ff448aec-b8cb-40e3-8e0a-26b2d118b087,0590ac5a-9f6f-4992-8050-e4c30da4e7f6,2025-07-10T12:37:13
b2e31342-5f71-4e97-b8c9-8ba9b8bdfff3,812f0bb2-7dab-48ef-9120-2e3ba5ffd81d,5e0f9a37-f5ea-49aa-9b8e-31dda53ab4ec,2025-07-14T21:17:12
258cf774-d684-4bf7-b4ee-4acdf3d0aa46,96f1c113-bde2-4439-a196-fad7226775b1,8b59b5e5-3637-41f8-a2d5-b6bc780af300,2024-12-06T01:14:01
5d564d1e-bbdb-4043-af5b-1eb6b848c0c5,6209eb39-7dad-4e70-81f1-4ddd22c8f7c1,8da62376-ee5f-403a-b455-8ecc49fb46b3,2025-04-26T14:55:29
a7148281-0f73-4a66-bf44-60b22c62aee8,adc94032-1b6b-4c5d-8241-cd1af6e630ec,2b11d19f-0ede-4d9a-952c-42b0342cec98,2025-01-23T20:15:44
902290b1-1406-4a54-ba1d-a4af4efdc8c3,fd147725-2b15-4f80-ad51-694ee4a1d64f,a951e9d4-89e9-40b3-9dcf-d140d23fa0fb,2025-02-19T06:06:27
5d254aa7-4235-44b3-819c-2b18035a935d,d1a7d6de-e5b5-4d3b-b38a-cdacb3940df2,2f4b8364-7bc7-4328-a737-ca01755198d6,2025-07-17T02:05:46
07546c3a-b204-43e9-b417-c8c61f43343b,5e3b553a-c01b-482e-98f6-452ab5b125fe,05302b99-705e-4213-b79d-5641f47f872f,2025-09-19T23:03:22
e18c50b9-6c30-49e1-9c59-79db8641922d,fde57aec-248c-4533-b6f3-fb2e4f773029,1cbb403e-6519-4ebd-adf0-aa1dba6eb1da,2024-10-09T21:08:15
cc0ddfad-d11b-4a60-8ed3-19751eb644d8,f6562271-7b98-4cd8-b6d3-abf210dca85d,9c3eb0ad-4331-4132-9ec6-546f76c8c25f,2024-10-29T13:49:40
3dad168d-ae5d-4581-81d7-dd06c6bcfca0,e97bb08f-0a81-473c-a4e1-07e8fc64f150,b132cb43-a471-4129-a178-336269bb203b,2025-02-03T02:27:55
6d5cbb2d-b60d-4a44-bf5c-752851c09b7a,442559c9-e47f-40dd-96f5-529ae82b92b2,adf3f022-cb81-4d8e-b1f9-25c4a67446f8,2024-12-22T08:58:56
b0a61afa-8337-4253-ac81-b7c607b0ebf6,c637b456-90de-4e61-a18c-db964bd1e04a,a180bd2d-6899-4d68-b691-d894759bbfca,2024-11-14T13:25:24
63e20b61-a9fe-4470-a83c-8cc7c86a3d1b,1c8a0915-ba2e-4d74-9b41-58c6236d5422,b4811d27-cb5d-4adc-aadb-d3921664df62,2025-03-17T19:17:12
7b350b72-3f33-4008-960a-15118b1346d2,b6fb384d-7150-412a-aec1-b5ef6bf20764,1c00f06c-b0ba-4e3d-808e-48cf54584b1e,2024-07-12T15:51:44
14cd9ebd-441a-4e7c-855c-c6438e80d3f6,fd172582-dce2-476a-891c-ecb5cf1874e1,b8185241-d47e-4ed1-8287-e22327f84296,2024-07-16T09:29:35
bcd16e39-86ab-4fcf-87f6-6d7323aece8b,addc5e3e-8e98-43a9-9f05-9284664d36c0,ba4092e4-1fb9-4cc0-8ac6-d226dcb859bb,2025-02-14T15:45:51
1baa77fd-f304-468a-a9a3-2d5ff4080c4a,aa597d9d-b955-4a5e-a820-dc3ee21a0987,1baf3d8a-2f6a-4598-961b-37fdb4d581f6,2025-07-12T01:30:03
a4c9768f-54ec-4dc6-8403-ac5cd0d579b4,95725267-70d5-40d1-8ac1-bf9fcd508df2,25d01917-1aef-47a0-88f0-c5f4eb686909,2025-09-25T18:50:35
d551eb3d-0ffe-4aa8-a31b-60c55a3f98e6,467144b8-29c5-46de-b2cf-85cf987b5a88,d6e6312c-13b6-448f-bfc6-8688bf7e3ed5,2025-05-02T23:29:42
a92d405d-5f1f-44dd-99dc-c69075ec0317,4f75ad7c-da9b-4a81-a2a0-38abff0ad390,da021d47-2656-4522-89e9-334b0b2efd7e,2024-11-18T05:46:32
051e6b07-6a98-4e5e-b64e-17af5dc7855f,d1a7d6de-e5b5-4d3b-b38a-cdacb3940df2,f339a443-e910-4de8-b450-a29d1118edd3,2025-09-26T22:25:58
1571337b-8878-4d5f-b436-9982c71ad2bc,a113c498-c239-4c27-92bf-7b320e4949c6,125ec344-b693-4258-923a-f08fb8ed779b,2025-05-30T13:28:28
afc63d70-2772-4cfb-a886-9ac0a7e7ae6f,c0279af4-2e31-4f1d-80ca-2cd71117b585,51ef0b00-cf34-4044-968e-aa89fbfefc20,2024-11-29T21:21:08
a37f5957-eee6-46e9-81cc-d4aa09a5dc1b,8f8f9de7-4a5a-40c7-bd11-bfb2dae59c8d,41674962-7f73-4d74-bb88-a8aa1c3c50c1,2025-06-04T01:08:21
838c9b0a-f1c8-4256-9e7c-dd06a6b8caea,af4e099b-c102-4029-8b7b-1c67f510b67d,0bf2ec64-b883-4428-8f76-e3f354d1b72c,2025-08-04T09:50:17
99724a16-fb8c-401c-b4c7-a697b73f3885,656cb8c1-9e05-49b1-b13d-dc8471badcf5,9980cc31-19fa-400f-85b8-c651198be65b,2024-09-15T21:11:24
f4148a5e-549e-4b9d-b6db-da5687fe9e35,d2f88469-f9f7-409d-8c7e-ee9c110859f9,0a3a15e7-1460-4a90-99b6-9402a6317c01,2024-09-03T02:28:30
3b28468c-12c6-42a3-8e38-8b2a595353ef,b0b53bf6-4c7b-4d99-a2b6-64f8761cd6bd,f1ee018b-586b-48ab-af0b-57f2d1478493,2024-09-09T22:57:32
10f6cdaa-b8b6-4d0e-90cd-5949ef0eda8d,de68bbff-bd32-470f-a2ce-f9213f04ae66,47e37d8f-cd7b-43ca-acf7-1763c4a19d8f,2025-07-28T20:57:29
378c3b20-1260-4900-941a-4b82db6b8b0e,cd7a22cb-bf8d-4459-a71e-83478ba222fe,8d58e46c-a2ef-4a30-9d9c-dc23af9bb063,2024-11-11T18:25:31
7cca7337-0175-4783-ab59-fe3a44497679,c637b456-90de-4e61-a18c-db964bd1e04a,86a55782-d88f-4090-9a51-b4254db1878b,2025-09-15T08:59:36
90d86559-8800-4878-b408-ce3e2228e7ed,c0700373-2f36-4475-bfb5-8cf4ba020133,ecf06a87-0efc-42f8-b989-300f9bf470ae,2024-12-24T06:22:11
db7e61b7-525e-4392-9582-b32b0d194ca7,467144b8-29c5-46de-b2cf-85cf987b5a88,1f8bc2bd-b635-45d6-8857-9101cbdd09ff,2025-09-04T07:35:08
9ca4ddd7-075f-438f-8517-9c7f1a6e5322,5e3b553a-c01b-482e-98f6-452ab5b125fe,ab154f18-071e-429f-84f1-fde80113e646,2024-07-12T02:48:40
8a70c579-105a-4fda-82fa-5c749e6ee3c1,90214a5c-e1f0-4c94-85f6-0c584eeceafc,778ec89c-28be-4b45-8907-26e3a8fd8aee,2025-08-18T00:07:10
f2094255-1daa-443c-b243-3dabedea5b4c,656cb8c1-9e05-49b1-b13d-dc8471badcf5,216b9ef6-21b5-4275-b309-317a2295e89c,2024-08-16T04:18:00
0520287d-e376-46bd-bea3-e1304c8a995c,6d04f78a-3228-4710-8e39-c2cac9960600,f44e7cb7-5cd1-4788-9546-1a9072bd0f47,2025-04-26T10:53:08
59fbecbb-431e-48dc-9c4f-7c426c4e9efd,1d0c03b3-2e7a-44f0-b345-bec7ad000215,bc112f0d-924f-4713-a6c0-a032326d6566,2025-05-26T10:24:18
1af0d609-0a40-48f4-9fad-1271ef99af84,a973958d-0b6a-4005-9e12-0622a8a1f80e,a881335c-54a0-42c1-a605-92bf0ba0089b,2025-09-21T08:32:39
23970662-15f2-404a-9f76-07e97e3ddb1a,34d7ab8b-cde0-41c2-992c-a0625b238b65,7c4dc1fd-124d-4896-a1fd-3e870abf6287,2025-08-07T17:53:13
a039bd2e-14be-4c35-b3e0-ddfbbf72748c,4f75ad7c-da9b-4a81-a2a0-38abff0ad390,59f0a55c-4e6e-4652-b585-711dce039621,2024-12-06T11:15:21
6dd7365d-f1ee-473d-9348-0fb751a4c979,34d7ab8b-cde0-41c2-992c-a0625b238b65,e609266c-4070-4330-a563-cdbffe8b8ee1,2024-06-28T16:56:27
ed661f00-e929-4ea5-89b5-63e69cb1080c,4f75ad7c-da9b-4a81-a2a0-38abff0ad390,12b128ee-fa97-4e28-8330-a8627fbd08de,2024-12-29T15:49:10
1d939e05-47e3-424f-bb41-60011518e995,b0dcc9b9-c692-4fd8-aeb1-effdef193b2f,a73edaf7-defc-4de6-a40c-8b0b7b8b9e08,2025-06-10T19:17:38
64c1cb2b-e21a-4123-940b-6d37ad9c9d01,ac80a75a-fde9-4df9-b8df-32bc9d5ccbe6,a12ff633-d2d7-4107-9b65-e880f9744397,2025-04-08T04:22:31
756e22e0-7443-480d-82f7-726a18ef6861,6208a7f5-9743-4b20-8100-54fba50606b5,120e5c6f-5612-4294-812f-f5571c9be8df,2025-06-26T17:55:38
64cf80dd-f997-455c-abdc-b2473b565ca7,11b40823-bede-4d8e-83d8-1120e61afba7,a94a7c96-c152-4ec8-99e7-3c17b2a291d2,2025-06-17T07:05:52
5512bfbf-bf33-4f51-8edd-0d664b994a36,a113c498-c239-4c27-92bf-7b320e4949c6,cae3ee2b-b39d-4ca1-9eb2-957f1d27dca6,2025-08-31T06:20:36
0efca87f-dcca-4e66-9c2a-1492197f8fad,e510ffc0-c924-4507-9e1e-299263415430,56000dc2-7cb7-4ce2-bb27-01722438e9ee,2025-02-18T07:59:01
7c9a61d0-6468-4476-a2f9-3450fe6091d1,6209eb39-7dad-4e70-81f1-4ddd22c8f7c1,4d85c74e-1290-4850-8169-0d887c57eb57,2025-09-05T18:26:26
69d70afa-8d0e-4fdc-b504-4e1b81e23857,1d0c03b3-2e7a-44f0-b345-bec7ad000215,c5b90b71-5b37-47e6-8e0d-50f1e31fc5c1,2025-05-19T18:18:02
1cf3a819-7b8f-4a2b-8bc4-c0143a59278f,aa597d9d-b955-4a5e-a820-dc3ee21a0987,dafbcf21-aaa8-4b6f-a988-0781fc66a7b9,2024-11-08T03:42:53
724dec18-7cea-418d-b9b4-c19b15edb895,8f8f9de7-4a5a-40c7-bd11-bfb2dae59c8d,da4d330d-745e-42ad-8eb8-5291fcb9fc53,2025-02-22T03:29:01
ec0c72fd-520c-4a4d-8396-91bf1a1d7a02,14f0a68e-543b-4e06-8ce8-d314142d437f,869a0522-baf1-415d-b5f8-15db00cd3d31,2024-04-09T23:41:26
9705eac7-1036-4a71-b220-99bd4d91f36a,e256a184-78dd-448c-886d-a5e798ca03f3,95b9a911-8f23-46f6-9c7f-d60c8f96d985,2025-05-11T02:01:27
cea92061-34f6-4d09-ae14-c7f98857e6a8,d1a7d6de-e5b5-4d3b-b38a-cdacb3940df2,5a0b3c30-52aa-444b-a762-a97660d3942e,2024-06-21T18:23:04
f9b91ea8-f047-4d7b-974c-941b6ef76036,656cb8c1-9e05-49b1-b13d-dc8471badcf5,773d3e1f-5cdf-43f6-9168-2ef11b2c46fb,2024-04-19T16:44:16
acdd9acf-59d0-419f-a034-df5a42c5fafc,b82a6026-e736-49ee-8ccb-3a4403d0b15b,30764297-29c5-4038-8da6-407d45af4f8e,2025-01-20T21:34:06
8241026b-fa99-4c98-ac58-043d8b6b0de7,975ffd9a-a177-4665-8f60-8b916df3fc87,805f4d2e-6d31-4686-8481-0d3237dfa2c3,2024-07-21T22:43:02
906b2c27-9c78-453c-884c-3cec6fd08f63,95725267-70d5-40d1-8ac1-bf9fcd508df2,b75a9349-16ac-4086-bbd7-eb969fb829b1,2024-05-11T06:50:03
5e847997-a4a0-4be5-a3b4-d8fd39612d84,6926df43-e63a-4cca-8bd7-5a95e92b7aa1,f36349b5-b1fd-4ab0-b4da-de21129b2ef3,2025-09-02T16:04:28
70b71a72-8553-4af3-ba06-0ee1e8b25dfd,caf12334-e584-41d3-98d9-01d4ca214924,9446aaa1-7b6a-4024-9f5c-e4479a404d1a,2024-05-14T00:49:14
9c1957d0-3c2d-4144-b6a8-70937f637eaf,96f1c113-bde2-4439-a196-fad7226775b1,41bb8200-df68-46ff-9761-0a84a1ad2f27,2024-09-02T08:04:56
d9b81c15-289d-470e-ae82-a4a7ed5ce88e,c14708dd-1436-4edd-8b9e-341b114657b5,e3c774e7-40fa-4df9-bb1a-2ccdbdd8ce55,2024-10-24T10:28:00
697963ae-1f66-4ea5-87a0-cc6bad124d3f,d13f6987-5c5c-4ba4-8574-5d352c58137f,a0264c80-b77c-4d11-b53d-e5aba3b36dfe,2024-08-03T01:41:03
